"(-)-carvone","6485-40-1",150,"mint"
"(-)-cis-rose oxide","3033-23-6",154,"rose"
"(-)-cis-rose oxide","3033-23-6",154,"sweet"
"(-)-cis-rose oxide","3033-23-6",154,"rose"
"(-)-cis-rose oxide","3033-23-6",154,"sweet"
"(-)-cubenol","21284-22-0",222,"green tea"
"(-)-cubenol","21284-22-0",222,"herb"
"(-)-cubenol","21284-22-0",222,"spice"
"(-)-nootkatone","38427-78-0",218,"terpentine"
"(-)-β-bisabolene","495-61-4",204,"balsamic"
"(-)-γ-elemene","29873-99-2",204,"oil"
"(-)-γ-elemene","29873-99-2",204,"green"
"(-)-γ-elemene","29873-99-2",204,"wood"
"(+)-(E)-limonene oxide","6909-30-4",152,"green"
"(+)-carvone","99-49-0",150,"caraway"
"(+)-carvone","2244-16-8",150,"caraway"
"(+)-cis-rose oxide","876-17-5",154,"flower"
"(+)-cis-rose oxide","876-17-5",154,"green"
"(+)-limonene,","5989-27-5",136,"citrus"
"(+)-limonene,","5989-27-5",136,"mint"
"(+)-nootkatone","4674-50-4",218,"grapefruit"
"(+)-α-phellandrene","2243-33-6",136,"dill"
"(2S)-2-methyl-ethyl ester-butanoic acid","10307-61-6",130,"apple"
"(E)-2-dodecen-1-ol","69064-37-5",184,"oil"
"(E)-2-hexenal","85761-70-2",98,"green"
"(E)-2-hexenal","85761-70-2",98,"leaf"
"(E)-2-hexenal","6728-26-3",98,"green"
"(E)-2-hexenal","6728-26-3",98,"leaf"
"(E)-2-hexenoic acid","13419-69-7",114,"must"
"(E)-2-hexenoic acid","13419-69-7",114,"fat"
"(E)-2-hexenol","928-95-0",100,"green"
"(E)-2-hexenol","928-95-0",100,"walnut"
"(E)-2-hexenol","928-95-0",100,"leaf"
"(E)-2-nonenal","18829-56-6",140,"cucumber"
"(E)-2-nonenal","18829-56-6",140,"green"
"(E)-2-nonenal","18829-56-6",140,"fat"
"(E)-2-penten-1-ol","1576-96-1",86,"mushroom"
"(E)-2-undecenal","53448-07-0",168,"green"
"(E)-2-undecenal","53448-07-0",168,"fat"
"(E)-2-undecenal","53448-07-0",168,"soap"
"(E)-3-hexenol","928-97-2",100,"moss"
"(E)-3-hexenol","928-97-2",100,"fresh"
"(E)-carveol","1197-07-5",152,"caraway"
"(E)-carveol","1197-07-5",152,"solvent"
"(E)-cinnamaldehyde","14371-10-9",132,"paint"
"(E)-cinnamaldehyde","14371-10-9",132,"cinnamon"
"(E)-dihydrocarvone","09.04.5948",152,"warm"
"(E)-dihydrocarvone","09.04.5948",152,"herb"
"(E)-farnesol","106-28-5",222,"muguet"
"(E)-isoelemicin","5273-85-8",208,"spice"
"(E)-isoelemicin","5273-85-8",208,"flower"
"(E)-isoeugenol","5932-68-3",164,"flower"
"(E)-limonene oxide","4959-35-7",152,"citrus"
"(E)-limonene oxide","4959-35-7",152,"fresh"
"(E)-limonene oxide","4959-35-7",152,"citrus"
"(E)-limonene oxide","4959-35-7",152,"fresh"
"(E)-linalool oxide","34995-77-2",170,"flower"
"(E)-oak lactone","39638-67-0",156,"coconut"
"(E)-oak lactone","39638-67-0",156,"flower"
"(E)-p-mentha-2,8-dien-1-ol","7212-40-0",152,"fresh"
"(E)-p-mentha-2,8-dien-1-ol","7212-40-0",152,"mint"
"(E)-rose oxide","07.11.5258",154,"flower"
"(E)-Whiskey lactone","80041-01-6",156,"flower"
"(E)-Whiskey lactone","80041-01-6",156,"lactone"
"(E)-α-bergamotene","13474-59-4",204,"tea"
"(E)-α-bergamotene","13474-59-4",204,"warm"
"(E)-α-bergamotene","13474-59-4",204,"wood"
"(E)-β-damascone","23726-91-2",192,"apple"
"(E)-β-ocimene","3779-61-1",136,"sweet"
"(E)-β-ocimene","3779-61-1",136,"herb"
"(E,E)-farnesyl acetate","4128-17-0",264,"oil"
"(E,E)-farnesyl acetate","4128-17-0",264,"wax"
"(E,E)-farnesylacetone","1117-52-8",262,"ether"
"(E,E)-farnesylacetone","1117-52-8",262,"flower"
"(E,Z)-2,4-nonadienal","21661-99-4",138,"geranium"
"(E,Z)-2,4-nonadienal","21661-99-4",138,"pungent"
"(E,Z)-3,6-nonadien-1-ol","56805-23-3",140,"fish"
"(epoxymethylbutyl)-methylfuran","92356-06-4",166,"green"
"(epoxymethylbutyl)-methylfuran","92356-06-4",166,"citrus"
"(epoxymethylbutyl)-methylfuran","92356-06-4",166,"earth"
"(methylbutenyl)-methylfuran","15186-51-3",150,"mint"
"(R)-linden ether","125811-37-2",150,"mint"
"(Z)-2-penten-1-ol","1576-95-0",86,"green"
"(Z)-2-penten-1-ol","1576-95-0",86,"plastic"
"(Z)-2-penten-1-ol","1576-95-0",86,"rubber"
"(Z)-3-hexenol","928-96-1",100,"grass"
"(Z)-3-hexenyl-2-methylbutanoate","53398-85-9",184,"herb"
"(Z)-3-hexenyl-2-methylbutanoate","53398-85-9",184,"sweet"
"(Z)-3-hexenyl butanoate","16491-36-4",170,"wine"
"(Z)-3-hexenyl butanoate","16491-36-4",170,"green"
"(Z)-3-hexenyl hexanoate","31501-11-8",198,"prune"
"(Z)-3-hexenyl hexanoate","31501-11-8",198,"fruit"
"(Z)-4-decenal","21662-09-9",154,"green"
"(Z)-4-decenal","21662-09-9",154,"must"
"(Z)-6-dodecen-γ-lactone","15456-69-6",196,"soap"
"(Z)-6-dodecene-γ-lactone","18679-18-0",196,"sweet"
"(Z)-6-dodecene-γ-lactone","18679-18-0",196,"peach"
"(Z)-carveol","1197-06-4",152,"caraway"
"(Z)-dihydrocarvone","3792-53-8",152,"warm"
"(Z)-dihydrocarvone","3792-53-8",152,"herb"
"(Z)-limonene oxide","13837-75-7",152,"citrus"
"(Z)-limonene oxide","13837-75-7",152,"fresh"
"(Z)-linalool oxide","5989-33-3",170,"flower"
"(Z)-nerolidol","3790-78-1",222,"wax"
"(Z)-oak-lactone","55013-32-6",156,"spice"
"(Z)-ocimene,","3338-55-4",136,"herb"
"(Z)-ocimene,","3338-55-4",136,"citrus"
"(Z)-ocimene,","3338-55-4",136,"flower"
"(Z)-piperitol","491-04-3",154,"herb"
"(Z)-whiskey lactone","80041-00-5",156,"coconut"
"(Z)-β-Farnesene","28973-97-9",204,"citrus"
"(Z)-β-Farnesene","28973-97-9",204,"green"
"1-(methylthio)ethanethiol","31331-53-0",108,"thiamin"
"1-cyclohexen-3-one","930-68-7",96,"pesticide"
"1-hexenol","4798-44-1",100,"green"
"1-terpinen-4-ol","562-74-3",154,"nutmeg"
"1-terpinen-4-ol","562-74-3",154,"turpentine"
"1-terpinen-4-ol","562-74-3",154,"must"
"1,3-p-menthadien-7-al","1197-15-5",150,"spice"
"1,3-p-menthadien-7-al","1197-15-5",150,"fat"
"1,4-cineole","470-67-7",154,"spice"
"1,5-octadien-3-ol","83861-74-9",126,"herb"
"1,5-octadien-3-ol","83861-74-9",126,"earth"
"1,5-octadienone","359794-78-8",260,"must"
"1,5-octadienone","359794-78-8",260,"earth"
"1,8-cineole","470-82-6",154,"sweet"
"1,8-cineole","470-82-6",154,"mint"
"10-epi-γ-eudesmol","15051-81-7",222,"sweet"
"10-epi-γ-eudesmol","15051-81-7",222,"flower"
"10-epi-γ-eudesmol","15051-81-7",222,"wood"
"12-methyltridecanal","75853-49-5",212,"meat broth"
"12-methyltridecanal","75853-49-5",212,"sweat"
"12-methyltridecanal","75853-49-5",212,"cooked meat"
"12-methyltridecanal","75853-49-5",212,"fat"
"12-methyltridecanal","75853-49-5",212,"tallow"
"2-acetyl-1,4,5,6-tetrahydropyridine","25343-57-1",125,"caramel"
"2-acetyl-1,4,5,6-tetrahydropyridine","25343-57-1",125,"caramel"
"2-acetyl-3,4,5,6-tetrahydropyridine","27300-27-2",125,"caramel"
"2-acetyl-3,4,5,6-tetrahydropyridine","27300-27-2",125,"caramel"
"2-acetylpyrrole","1072-83-9",109,"bread"
"2-acetylpyrrole","1072-83-9",109,"nut"
"2-acetylpyrrole","1072-83-9",109,"walnut"
"2-decenal","2497-25-8",154,"tallow"
"2-decenal","2497-25-8",154,"tallow"
"2-decenal","2497-25-8",154,"orange"
"2-decenal","3913-71-1",154,"tallow"
"2-decenal","3913-71-1",154,"tallow"
"2-decenal","3913-71-1",154,"orange"
"2-decenal","3913-81-3",154,"tallow"
"2-decenal","3913-81-3",154,"tallow"
"2-decenal","3913-81-3",154,"orange"
"2-dodecenal","20407-84-5",182,"sweet"
"2-dodecenal","20407-84-5",182,"fat"
"2-dodecenal","20407-84-5",182,"green"
"2-ethylhexanol","104-76-7",130,"green"
"2-ethylhexanol","104-76-7",130,"rose"
"2-ethylpyridine","100-71-0",107,"grass"
"2-formylthiophene","98-03-3",112,"sulfur"
"2-hepten-1-al","2463-63-0",112,"green"
"2-hepten-1-al","2463-63-0",112,"green"
"2-hexenal","505-57-7",98,"fat"
"2-hexenal","505-57-7",98,"apple"
"2-hexenal","505-57-7",98,"rancid"
"2-hexenal","505-57-7",98,"green"
"2-hexenal","6728-26-3",98,"fat"
"2-hexenal","6728-26-3",98,"apple"
"2-hexenal","6728-26-3",98,"rancid"
"2-hexenal","6728-26-3",98,"green"
"2-hexenol","928-94-9",100,"green"
"2-hexenol","928-94-9",100,"leaf"
"2-hexenol","928-94-9",100,"fruit"
"2-hexenol","928-94-9",100,"wine"
"2-methoxy-3,6-dimethylpyrazine","19846-22-1",138,"earth"
"2-methyl-1-butanol","137-32-6",88,"onion"
"2-methyl-1-butanol","137-32-6",88,"wine"
"2-methyl-1-butanol","137-32-6",88,"malt"
"2-methyl-2-(methyldithio)propanal","67952-60-7",150,"fat"
"2-methyl-2-(methyldithio)propanal","67952-60-7",150,"smoke"
"2-methyl anisole","578-58-5",122,"warm"
"2-methyl anisole","578-58-5",122,"flower"
"2-methyl anisole","578-58-5",122,"walnut"
"2-methylbutyl acetate","624-41-9",130,"fruit"
"2-nonanol","628-99-9",144,"cucumber"
"2-nonenal","2463-53-8",140,"cucumber"
"2-nonenal","2463-53-8",140,"paper"
"2-nonenal","2463-53-8",140,"orris"
"2-nonenal","2463-53-8",140,"fat"
"2-nonenal","60784-31-8",140,"cucumber"
"2-nonenal","60784-31-8",140,"paper"
"2-nonenal","60784-31-8",140,"orris"
"2-nonenal","60784-31-8",140,"fat"
"2-octanol","123-96-6",130,"fat"
"2-octanol","123-96-6",130,"mushroom"
"2-octenal","20664-46-4",126,"fat"
"2-octenal","20664-46-4",126,"walnut"
"2-octenal","20664-46-4",126,"green leaf"
"2-octenal","20664-46-4",126,"green"
"2-octenal","20664-46-4",126,"green"
"2-octenal","20664-46-4",126,"nut"
"2-octenal","2548-87-0",126,"fat"
"2-octenal","2548-87-0",126,"walnut"
"2-octenal","2548-87-0",126,"green leaf"
"2-octenal","2548-87-0",126,"green"
"2-octenal","2548-87-0",126,"green"
"2-octenal","2548-87-0",126,"nut"
"2-octenal","2363-89-5",126,"fat"
"2-octenal","2363-89-5",126,"walnut"
"2-octenal","2363-89-5",126,"green leaf"
"2-octenal","2363-89-5",126,"green"
"2-octenal","2363-89-5",126,"green"
"2-octenal","2363-89-5",126,"nut"
"2-pentanol","6032-29-7",88,"green"
"2-pentylthiophene","4861-58-9",154,"fruit"
"2-pentylthiophene","4861-58-9",154,"sweet"
"2-phenylethyl alcohol","60-12-8",122,"rose"
"2-phenylethyl alcohol","60-12-8",122,"spice"
"2-phenylethyl alcohol","60-12-8",122,"lilac"
"2-phenylethyl alcohol","60-12-8",122,"honey"
"2-phenylethyl alcohol","60-12-8",122,"rose"
"2-phenylethyl alcohol","60-12-8",122,"spice"
"2-phenylethyl alcohol","60-12-8",122,"lilac"
"2-phenylethyl alcohol","60-12-8",122,"honey"
"2-undecenal","2463-77-6",168,"sweet"
"2,3-dehydro-1,8-cineole","92760-25-3",152,"lemon"
"2,3-dehydro-1,8-cineole","92760-25-3",152,"mint"
"2,3-pentadione","600-14-6",100,"cream"
"2,3-pentadione","600-14-6",100,"butter"
"2,3,4,5-tetrahydroanisole","931-57-7",112,"herb"
"2,3,4,5-tetrahydroanisole","931-57-7",112,"spice"
"2,4-decadienal","65909-91-3",152,"seaweed"
"2,4-heptadienal","04.02.4313",110,"fried"
"2,4-heptadienal","04.02.4313",110,"fat"
"2,4-heptadienal","04.02.4313",110,"nut"
"2,4-heptadienal","05.03.4313",110,"fried"
"2,4-heptadienal","05.03.4313",110,"fat"
"2,4-heptadienal","05.03.4313",110,"nut"
"2,4-hexadienal","80466-34-8",96,"green"
"2,4-nonadienal","04.03.6750",138,"fat"
"2,4-nonadienal","04.03.6750",138,"watermelon"
"2,4-nonadienal","04.03.6750",138,"green"
"2,4-nonadienal","04.03.6750",138,"wax"
"2,4-nonadienal","5910-87-2",138,"fat"
"2,4-nonadienal","5910-87-2",138,"watermelon"
"2,4-nonadienal","5910-87-2",138,"green"
"2,4-nonadienal","5910-87-2",138,"wax"
"2,4-octadienal","30361-28-5",124,"green"
"2,4-octadienal","30361-28-5",124,"seaweed"
"2,4-octadienal","30361-28-5",124,"cucumber"
"2,5-dimethyl-3-ethylpyrazine","13360-65-1",136,"potato"
"2,5-dimethyl-3-ethylpyrazine","13360-65-1",136,"roast"
"2,5-dimethyl-3-ethylpyrazine","13360-65-1",136,"potato"
"2,5-dimethyl-3-ethylpyrazine","13360-65-1",136,"roast"
"2,6-dimethylnaphthalene","581-42-0",156,"grass"
"2,6-nonadienal","557-48-2",138,"cucumber"
"2,6-nonadienal","557-48-2",138,"green"
"2,6-nonadienal","557-48-2",138,"wax"
"2,6-nonadienol","7786-44-9",140,"cucumber"
"3-(acetylthio)-2-methylfuran","55764-25-5",156,"roasted meat"
"3-hexenal","6789-80-6",98,"leaf"
"3-hexenal","6789-80-6",98,"green"
"3-mercaptohexanol","51755-83-0",134,"sulfur"
"3-mercaptohexyl-acetate","136954-20-6",176,"box tree"
"3-mercaptothiophene","7774-73-4",116,"cooked meat"
"3-methyl-1-butanol","123-51-3",88,"burnt"
"3-methyl-1-butanol","123-51-3",88,"whiskey"
"3-methyl-1-butanol","123-51-3",88,"malt"
"3-nonenal","109351-28-2",140,"cucumber"
"3-nonenal","109351-28-2",140,"fat"
"3-nonenal","31823-43-5",142,"cucumber"
"3-nonenal","31823-43-5",142,"fat"
"3-octen-2-one","1669-44-9",126,"crushed bug"
"3-octen-2-one","1669-44-9",126,"nut"
"3-octenone","51193-77-2",126,"nut"
"3-oxo-α-ionol","34318-21-3",208,"spice"
"3-terpinen-1-ol","586-82-3",154,"must"
"3,5-octadienone","38284-27-4",124,"fruit"
"3,5-octadienone","38284-27-4",124,"mushroom"
"3,5-octadienone","38284-27-4",124,"fat"
"3,6-nonadienal","21944-83-2",138,"fat"
"3,6-nonadienal","21944-83-2",138,"soap"
"4-acetyltoluene","122-00-9",134,"bitter almond"
"4-Carbethoxybutyrolactone","1126-51-8",158,"smoke"
"4-Carbethoxybutyrolactone","1126-51-8",158,"roast"
"4-ethyl-6-hepten-3-one","131671-56-2",140,"fish"
"4-ethylguaiacol","2785-89-9",152,"clove"
"4-ethylguaiacol","2785-89-9",152,"spice"
"4-heptenal","6728-31-0",112,"cream"
"4-heptenal","6728-31-0",112,"biscuit"
"4-hexanolide","695-06-7",114,"sweet"
"4-hexanolide","695-06-7",114,"coumarin"
"4-mercapto-4-methyl-2-pentanol","31539-84-1",134,"flower"
"4-mercapto-4-methyl-2-pentanol","31539-84-1",134,"lemon"
"4-mercapto-4-methyl-2-pentanone","19872-52-7",132,"box tree"
"4-methyl-3-penten-2-one","141-79-7",98,"chemical"
"4-methyl-3-penten-2-one","141-79-7",98,"sweet"
"4-methylhexanol","818-49-5",116,"sweat"
"4-methylthiazole","693-95-8",99,"roasted meat"
"4-methylthio-2-butanone","34047-39-7",118,"fruit"
"4-pentenyl isothiocyanate","18060-79-2",127,"horseradish"
"4-pentenyl isothiocyanate","18060-79-2",127,"mustard"
"4-propyl-guaiacol","2785-87-7",166,"phenol"
"4-vinylphenol","2628-17-3",120,"almond shell"
"5-(methylthio)-valeronitrile","59121-25-4",129,"broccoli"
"5-(methylthio)-valeronitrile","59121-25-4",129,"cabbage"
"5-isopropyl-2-methylpyrazine","13925-05-8",136,"sweat"
"5-methylfurfural","620-02-0",110,"almond"
"5-methylfurfural","620-02-0",110,"caramel"
"5-methylfurfural","620-02-0",110,"burnt sugar"
"5-octanolide","698-76-0",142,"peach"
"5-oxymethylfurfurole","67-47-0",126,"cardboard"
"6-decenal","105683-99-6",154,"green"
"6-decenal","105683-99-6",154,"cucumber"
"6-decenal","105683-99-6",154,"tallow"
"6-decenal","147159-48-6",154,"green"
"6-decenal","147159-48-6",154,"cucumber"
"6-decenal","147159-48-6",154,"tallow"
"6-Methoxyeugenol","6627-88-9",194,"sweet"
"6-Methoxyeugenol","6627-88-9",194,"flower"
"6(10)-dihydromyrcenol","18479-58-8",156,"cologne"
"6(10)-dihydromyrcenol","18479-58-8",156,"tart lime"
"6(10)-dihydromyrcenol","18479-58-8",156,"citrus"
"7-heptadecene","54290-12-9",239,"alkane"
"7-methoxycoumarin","531-59-9",176,"balsamic"
"7-methoxycoumarin","531-59-9",176,"sweet"
"abhexone","698-10-2",142,"spice"
"acetic acid","64-19-7",60,"sour"
"acetoin","513-86-0",88,"cream"
"acetoin","513-86-0",88,"butter"
"acetophenone","98-86-2",120,"must"
"acetophenone","98-86-2",120,"flower"
"acetophenone","98-86-2",120,"almond"
"acetovanillone","498-02-2",166,"vanilla"
"acetylfuran","1192-62-7",110,"balsamic"
"acetylmethylcyclohexene","70286-20-3",138,"spice"
"acetyloxy-dimethylfuranone","4166-20-5",170,"caramel"
"acetylpyrazine","22047-25-2",122,"roast"
"acetylpyridine","1122-62-9",121,"popcorn"
"acetylpyrroline","85213-22-5",111,"roast"
"acetylpyrroline","85213-22-5",111,"nut"
"acetylpyrrolizine","55041-85-5",149,"medicine"
"acetylthiazole","24295-03-2",127,"sulfur"
"acetylthiazole","24295-03-2",127,"roast"
"acetylthiazole","24295-03-2",127,"nut"
"acetylthiazoline","29926-41-8",129,"popcorn"
"acetylthiazoline","29926-41-8",129,"roast"
"acetylthiophene","88-15-3",126,"sulfur"
"alloaromadendrene","25246-27-9",204,"wood"
"alpha,γ-dimethylallyl alcohol","1569-50-2",86,"vinyl"
"alpha,γ-dimethylallyl alcohol","1569-50-2",86,"green"
"aromadendrene","489-39-4",204,"wood"
"aromadendrene","489-39-4",204,"wood"
"artemisia alcohol","29887-38-5",154,"herb"
"artemisia ketone","546-49-6",152,"green"
"artemisia ketone","546-49-6",152,"herb"
"asaricin","18607-93-7",192,"spice"
"asaricin","18607-93-7",192,"pepper"
"azine","110-86-1",79,"rancid"
"benzaldehyde","100-52-7",106,"burnt sugar"
"benzaldehyde","100-52-7",106,"almond"
"benzoic acid","65-85-0",122,"urine"
"benzothiazole","95-16-9",135,"gasoline"
"benzothiazole","95-16-9",135,"rubber"
"benzyl acetate","140-11-4",150,"fresh"
"benzyl acetate","140-11-4",150,"boiled vegetable"
"benzyl alcohol","100-51-6",108,"sweet"
"benzyl alcohol","100-51-6",108,"flower"
"benzyl alcohol","100-51-6",108,"sweet"
"benzyl alcohol","100-51-6",108,"flower"
"benzyl benzoate","120-51-4",212,"oil"
"benzyl benzoate","120-51-4",212,"balsamic"
"benzyl benzoate","120-51-4",212,"herb"
"benzyl butanoate","103-37-7",178,"plum"
"benzylmethyl ether","538-86-3",122,"metal"
"berteroin","4430-42-6",175,"cabbage"
"bicyclogermacrene","24703-35-3",204,"green"
"bicyclogermacrene","24703-35-3",204,"wood"
"bis(2-methyl-3-furyl)disulphide","28588-75-2",226,"roasted meat"
"borneol","507-70-0",154,"camphor"
"bornyl benzoate","26927-90-2",258,"balsamic"
"bornyl benzoate","26927-90-2",258,"pine"
"bornyl butyrate","13109-70-1",246,"wood"
"bornyl butyrate","13109-70-1",246,"herb"
"bornyl formate","7492-41-3",188,"green"
"bornyl isovalerate","76-50-6",238,"earth"
"bornyl isovalerate","76-50-6",238,"green"
"bornyl isovalerate","76-50-6",238,"herb"
"bornyl methyl ether","10395-54-7",168,"must"
"bornyl methyl ether","10395-54-7",168,"earth"
"bulnesol","22451-73-6",222,"spice"
"butanal","123-72-8",72,"green"
"butanal","123-72-8",72,"pungent"
"butanediol","513-85-9",90,"onion"
"butanediol","513-85-9",90,"fruit"
"butanol","78-92-2",74,"wine"
"butanol","78-92-2",74,"medicine"
"butanol","78-92-2",74,"fruit"
"butyl acetate","123-86-4",116,"pear"
"butyl benzoate","136-60-7",178,"balsamic"
"butyl decanoate","30673-36-0",228,"whiskey"
"butyl hexanoate","626-82-4",172,"fruit"
"butyl isothiocyanate","592-82-5",115,"sulfur"
"butyl isothiocyanate","592-82-5",115,"green"
"butyl isothiocyanate","592-82-5",115,"pungent"
"butyl laurate","106-18-3",256,"oil"
"butyl methylbutyrate","15706-73-7",158,"cocoa"
"butyl methylbutyrate","15706-73-7",158,"fruit"
"butyl octanoate","589-75-3",200,"fruit"
"butylmethoxypyrazine","24168-70-5",166,"carrot"
"butylmethoxypyrazine","24168-70-5",166,"earth"
"butyric acid","107-92-6",88,"sweat"
"butyric acid","107-92-6",88,"rancid"
"butyric acid","107-92-6",88,"cheese"
"cadina-1,4-dien-3-ol","114791-16-1",220,"spice"
"cadina-1,4-dien-3-ol","114791-16-1",220,"wood"
"cadinadiene","29837-12-5",204,"spice"
"cadinadiene","29837-12-5",204,"fruit"
"calamenene","483-77-2",202,"spice"
"calamenene","483-77-2",202,"herb"
"camphene","79-92-5",136,"camphor"
"camphene hydrate","465-31-6",154,"camphor"
"camphor","76-22-2",152,"camphor"
"caproic acid","142-62-1",116,"sweat"
"carveol","99-48-9",152,"fresh"
"carveol","99-48-9",152,"spearmint"
"carveol","99-48-9",152,"caraway"
"carvyl acetate","97-42-7",194,"spearmint"
"carvyl acetate","97-42-7",194,"green"
"caryophyllene alcohol","56747-96-7",0,"spice"
"caryophyllene alcohol","56747-96-7",0,"earth"
"caryophyllene alcohol","56747-96-7",0,"moss"
"caryophyllene oxide","1139-30-6",220,"herb"
"caryophyllene oxide","1139-30-6",220,"spice"
"caryophyllene oxide","1139-30-6",220,"sweet"
"cedrenol","28231-03-0",220,"fruit"
"cetyl alcohol","36653-82-4",242,"wax"
"cetyl alcohol","36653-82-4",242,"flower"
"chavicol","501-92-8",134,"phenol"
"chavicol","501-92-8",134,"medicine"
"cinnamic acid","140-10-3",148,"honey"
"cinnamyl alcohol","104-54-1",134,"oil"
"cis-isocitral","72203-97-5",153,"green"
"cis-linalool pyran oxide","14009-71-3",170,"citrus"
"cis-linalool pyran oxide","14009-71-3",170,"green"
"cis-sabinene hydrate","15537-55-0",154,"balsamic"
"citral","5392-40-5",152,"lemon"
"citronellal","106-23-0",154,"fat"
"citronellol","106-22-9",156,"rose"
"citronellyl acetate","150-84-5",198,"rose"
"citronellyl acetate","150-84-5",198,"dust"
"citronellyl butyrate","141-16-2",226,"fruit"
"citronellyl butyrate","141-16-2",226,"sweet"
"citronellyl butyrate","141-16-2",226,"rose"
"citronellyl isobutyrate","97-89-2",226,"fruit"
"citronellyl isobutyrate","97-89-2",226,"rose"
"citronellyl valerate","7540-53-6",240,"rose"
"citronellyl valerate","7540-53-6",240,"honey"
"citronellyl valerate","7540-53-6",240,"herb"
"citronellyl valerate","7540-53-6",240,"warm"
"coumarin","91-64-5",146,"sweet"
"coumarin","91-64-5",146,"green"
"cumin aldehyde","122-03-2",148,"acid"
"cumin aldehyde","122-03-2",148,"sharp"
"cuminic alcohol","536-60-7",150,"herb"
"cuminic alcohol","536-60-7",150,"wood"
"decadienal","25152-84-5",152,"fat"
"decadienal","25152-84-5",152,"fat"
"decadienal","25152-84-5",152,"fried"
"decadienal","25152-84-5",152,"wax"
"decadienal","25152-84-5",152,"fried"
"decadienal","25152-83-4",152,"fat"
"decadienal","25152-83-4",152,"fat"
"decadienal","25152-83-4",152,"fried"
"decadienal","25152-83-4",152,"wax"
"decadienal","25152-83-4",152,"fried"
"decanal","112-31-2",156,"tallow"
"decanal","112-31-2",156,"soap"
"decanal","112-31-2",156,"orange peel"
"decane","124-18-5",142,"alkane"
"decanoic acid","334-48-5",172,"fat"
"decanoic acid","334-48-5",172,"rancid"
"decanol","112-30-1",158,"fat"
"decyl alcohol","112-17-4",200,"oil"
"decyl alcohol","112-17-4",200,"orange"
"dehydro-ar-ionene","30364-38-6",172,"licorice"
"dehydrocarveol","28982-60-7",150,"herb"
"dehydrocarveol","28982-60-7",150,"oil"
"diacetyl","431-03-8",86,"butter"
"Diethyl 2-hydroxyglutarate","69134-53-8",204,"cotton candy"
"diethyl acetal","105-57-7",118,"cream"
"diethyl acetal","105-57-7",118,"fruit"
"diethyl malate","03.12.7554",190,"brown sugar"
"diethyl malate","03.12.7554",190,"sweet"
"diethyl malonate","105-53-3",160,"apple"
"diethyl succinate","123-25-1",174,"fruit"
"diethyl succinate","123-25-1",174,"wine"
"diethyl succinate","123-25-1",174,"fruit"
"diethyl succinate","123-25-1",174,"wine"
"diethyl tartrate","87-91-2",206,"must"
"diethyl tartrate","87-91-2",206,"earth"
"diethylmethyl pyrazine","18138-04-0",150,"potato"
"diethylmethyl pyrazine","18138-04-0",150,"roast"
"diethylmethyl pyrazine","18138-04-0",150,"meat"
"diethylmethylpyrazine","18138-05-1",150,"baked"
"dihydrocarveol","619-01-2",154,"mint"
"dihydrocarveol","619-01-2",154,"spice"
"dihydrocarvyl acetate","20777-49-5",196,"medicine"
"dihydrocarvyl acetate","20777-49-5",196,"mint"
"dihydrocarvyl acetate","20777-49-5",196,"camphor"
"dihydrolinalool","18479-49-7",156,"camphor"
"dihydrolinalool","18479-49-7",156,"wood"
"dihydrolinalool","18479-49-7",156,"citrus"
"dihydromethylcyclopentapyrazine","23747-48-0",134,"roast"
"dihydromethylcyclopentapyrazine","23747-48-0",134,"nut"
"dihydromyrcenol","18479-58-8",156,"citrus"
"dihydromyrcenol","18479-58-8",156,"cologne"
"dihydromyrcenol","18479-58-8",156,"tart lime"
"dihydroterpinyl acetate","58985-18-5",306,"pine"
"dihydroterpinyl acetate","58985-18-5",306,"citrus"
"dill apiol","484-31-1",222,"wood"
"dill apiol","484-31-1",222,"spice"
"dill ether","74410-10-9",151,"dill"
"dimethoxytoluene","131092-10-9",152,"hummus"
"dimethyl disulfide","624-92-0",94,"putrid"
"dimethyl disulfide","624-92-0",94,"onion"
"dimethyl disulfide","624-92-0",94,"cabbage"
"dimethyl pyrazine","5910-89-4",108,"meat"
"dimethyl pyrazine","5910-89-4",108,"cocoa"
"dimethyl pyrazine","5910-89-4",108,"cocoa"
"dimethyl pyrazine","5910-89-4",108,"roast beef"
"dimethyl pyrazine","5910-89-4",108,"peanut butter"
"dimethyl pyrazine","5910-89-4",108,"cocoa"
"dimethyl pyrazine","5910-89-4",108,"roast beef"
"dimethyl pyrazine","5910-89-4",108,"medicine"
"dimethyl pyrazine","5910-89-4",108,"roasted nut"
"dimethyl pyrazine","5910-89-4",108,"nut"
"dimethyl pyrazine","5910-89-4",108,"roasted nut"
"dimethyl pyrazine","123-32-0",108,"meat"
"dimethyl pyrazine","123-32-0",108,"cocoa"
"dimethyl pyrazine","123-32-0",108,"cocoa"
"dimethyl pyrazine","123-32-0",108,"roast beef"
"dimethyl pyrazine","123-32-0",108,"peanut butter"
"dimethyl pyrazine","123-32-0",108,"cocoa"
"dimethyl pyrazine","123-32-0",108,"roast beef"
"dimethyl pyrazine","123-32-0",108,"medicine"
"dimethyl pyrazine","123-32-0",108,"roasted nut"
"dimethyl pyrazine","123-32-0",108,"nut"
"dimethyl pyrazine","123-32-0",108,"roasted nut"
"dimethyl pyrazine","108-50-9",108,"meat"
"dimethyl pyrazine","108-50-9",108,"cocoa"
"dimethyl pyrazine","108-50-9",108,"cocoa"
"dimethyl pyrazine","108-50-9",108,"roast beef"
"dimethyl pyrazine","108-50-9",108,"peanut butter"
"dimethyl pyrazine","108-50-9",108,"cocoa"
"dimethyl pyrazine","108-50-9",108,"roast beef"
"dimethyl pyrazine","108-50-9",108,"medicine"
"dimethyl pyrazine","108-50-9",108,"roasted nut"
"dimethyl pyrazine","108-50-9",108,"nut"
"dimethyl pyrazine","108-50-9",108,"roasted nut"
"dimethyl sulfide","75-18-3",62,"gasoline"
"dimethyl sulfide","75-18-3",62,"cabbage"
"dimethyl sulfide","75-18-3",62,"sulfur"
"dimethyl sulfone","67-71-0",90,"burnt"
"dimethyl sulfone","67-71-0",90,"sulfur"
"dimethyl tetrasulfide","5756-24-1",157,"cabbage"
"dimethyl tetrasulfide","5756-24-1",157,"sulfur"
"dimethyl trisulfide","3658-80-8",126,"fish"
"dimethyl trisulfide","3658-80-8",126,"cabbage"
"dimethyl trisulfide","3658-80-8",126,"sulfur"
"dimethylethyl pyrazine","13925-07-0",136,"roast"
"dimethylfuranthiol","55764-23-3",128,"meat"
"dimethylheptenal","106-72-9",140,"green"
"dimethylheptenal","106-72-9",140,"melon"
"dimethylheptenal","106-72-9",140,"fruit"
"dimethylmethoxyfuranone","4077-47-8",142,"caramel"
"dimethylmethoxyfuranone","4077-47-8",142,"sweet"
"dimethylmethoxyfuranone","4077-47-8",142,"mildew"
"dimethyloctadienal","72203-98-6",152,"green"
"dimethylthiazole","541-58-2",113,"roast"
"dimethylthiazole","541-58-2",113,"rubber"
"dimethylthiazole","541-58-2",113,"mold"
"dimethylthiazole","541-58-2",113,"smoke"
"dimethylthiazole","3581-91-7",113,"roast"
"dimethylthiazole","3581-91-7",113,"rubber"
"dimethylthiazole","3581-91-7",113,"mold"
"dimethylthiazole","3581-91-7",113,"smoke"
"DL-carvone","99-49-0",150,"fennel"
"DL-carvone","99-49-0",150,"mint"
"DL-carvone","99-49-0",150,"basil"
"docosane","629-97-0",310,"alkane"
"dodecane","112-40-3",170,"alkane"
"durene","95-93-2",134,"rancid"
"durene","95-93-2",134,"sweet"
"eicosane","112-95-8",282,"alkane"
"elemicin","487-11-6",208,"spice"
"elemicin","487-11-6",208,"flower"
"elemicin","487-11-6",208,"spice"
"elemicin","487-11-6",208,"flower"
"elemol","639-99-6",222,"wood"
"elemol","639-99-6",222,"green"
"epoxy-2-decenal","134454-31-2",168,"green"
"epoxy-2-decenal","134454-31-2",168,"metal"
"epoxy-2-nonenal","128386-31-2",154,"metal"
"epoxy-2-octenal","134452-45-2",140,"metal"
"epoxy-2-undecenal","134346-43-3",182,"metal"
"epoxy-p-menthene","13955-48-1",152,"dill"
"epoxy-p-menthene","13955-48-1",152,"mint"
"epoxy-β-ionone","23267-57-4",208,"sweet"
"epoxy-β-ionone","23267-57-4",208,"fruit"
"epoxy-β-ionone","23267-57-4",208,"wood"
"epoxylinalool","14049-11-7",170,"flower"
"erucin","4430-36-8",161,"cabbage"
"estragole","140-67-0",148,"anise"
"estragole","140-67-0",148,"licorice"
"ethanal","75-07-0",44,"pungent"
"ethanal","75-07-0",44,"ether"
"ethanol","64-17-5",46,"sweet"
"ethenyl-dimethylpyrazine","157615-33-3",205,"earth"
"ethenyl-ethylmethylpyrazine","181589-32-2",148,"earth"
"ethoxypropanol","111-35-3",104,"fruit"
"ethyl-(E)-cinnamate","4192-77-2",176,"flower"
"ethyl-(E)-cinnamate","4192-77-2",176,"honey"
"ethyl-(E,Z)-2,4-decadienoate","3025-30-7",196,"pear"
"ethyl-4-hydroxymethyl- 3(2H)-Furanone","110516-60-4",142,"caramel"
"ethyl 3-hydroxybutanoate","5405-41-4",132,"marshmallow"
"ethyl 3-methylbutanoate","108-64-5",130,"fruit"
"ethyl 3-methylbutanoate","108-64-5",130,"fruit"
"ethyl acetate","141-78-6",88,"pineapple"
"ethyl benzoate","93-89-0",150,"celery"
"ethyl benzoate","93-89-0",150,"fruit"
"ethyl benzoate","93-89-0",150,"flower"
"ethyl benzoate","93-89-0",150,"camomile"
"ethyl butyrate","105-54-4",116,"apple"
"ethyl cinnamate","103-36-6",176,"honey"
"ethyl cinnamate","103-36-6",176,"cinnamon"
"ethyl cyclohexanoate","3289-28-9",156,"fruit"
"ethyl decanoate","110-38-3",200,"grape"
"ethyl dihydrocinnamate","2021-28-5",178,"flower"
"ethyl formate","109-94-4",74,"pungent"
"ethyl heptylate","106-30-9",158,"fruit"
"ethyl hexadecanoate","628-97-7",284,"wax"
"ethyl hexanoate","123-66-0",144,"apple peel"
"ethyl hexanoate","123-66-0",144,"fruit"
"ethyl hydroxybutanoate","999-10-0",132,"caramel"
"ethyl isobutyrate","97-62-1",116,"rubber"
"ethyl isobutyrate","97-62-1",116,"sweet"
"ethyl isohexanoate","25415-67-2",144,"fruit"
"ethyl lactate","97-64-3",118,"fruit"
"ethyl laurate","106-33-2",228,"leaf"
"ethyl mercaptopropionate","19788-49-9",134,"sulfur"
"ethyl methylbutyrate","108-64-5",130,"apple"
"ethyl methylbutyrate","7452-79-1",130,"apple"
"ethyl octanoate","106-32-1",172,"fat"
"ethyl octanoate","106-32-1",172,"fruit"
"ethyl octenoate","2351-90-8",171,"fruit"
"ethyl octenoate","2351-90-8",171,"must"
"ethyl octenoate","2351-90-8",171,"pungent"
"ethyl octenoate","2351-90-8",171,"oil"
"ethyl phenylacetate","101-97-3",164,"fruit"
"ethyl phenylacetate","101-97-3",164,"sweet"
"ethyl propionate","105-37-3",102,"fruit"
"ethyl pyrazine","13925-00-3",108,"peanut butter"
"ethyl pyrazine","13925-00-3",108,"wood"
"ethyl salicylate","118-61-6",166,"mint"
"ethyl salicylate","118-61-6",166,"wintergreen"
"ethyl tetradecanoate","124-06-1",256,"ether"
"ethyl undecanoate","627-90-7",214,"cognac"
"ethyl undecanoate","627-90-7",214,"coconut"
"ethyl valerate","539-82-2",130,"yeast"
"ethyl valerate","539-82-2",130,"fruit"
"ethyl vanillate","617-05-0",196,"sweet"
"ethyl vanillate","617-05-0",196,"vanilla"
"ethyl vanillate","617-05-0",196,"fruit"
"ethyl vanillate","617-05-0",196,"flower"
"ethylbenzaldehyde","4748-78-1",134,"sweet"
"ethyldimethylpyrazine","13925-07-0",136,"potato"
"ethyldimethylpyrazine","13925-07-0",136,"burnt"
"ethyldimethylpyrazine","13925-07-0",136,"popcorn"
"ethyldimethylpyrazine","15707-34-3",136,"potato"
"ethyldimethylpyrazine","15707-34-3",136,"burnt"
"ethyldimethylpyrazine","15707-34-3",136,"popcorn"
"ethyldimethylthiazole","38205-61-7",141,"earth"
"ethylfuranone","01.01.2313",112,"spice"
"ethylfuranone","01.01.2313",112,"spice"
"ethylfuranone","2407-43-4",112,"spice"
"ethylfuranone","2407-43-4",112,"spice"
"ethylhydroxyhexanoate","2305-25-1",160,"fresh"
"ethylmethyl pyrazine","13360-64-0",122,"sweet"
"ethylmethyl pyrazine","13360-64-0",122,"fruit"
"ethylphenol","620-17-7",122,"must"
"eudesmol","123123-38-6",222,"wood"
"eudesmol","123123-38-6",222,"sweet"
"eugenol","97-53-0",164,"honey"
"eugenol","97-53-0",164,"clove"
"fenchyl alcohol","1632-73-1",154,"camphor"
"filbertone","102322-83-8",126,"hazelnut"
"filbertone","102322-83-8",126,"nut"
"formylmethyl thiophene","13679-70-4",126,"sulfur"
"fucoserratene","33580-05-1",108,"plastic"
"fucoserratene","33580-05-1",108,"green"
"fufuryl mercaptan","98-02-2",114,"roast"
"fufuryl mercaptan","98-02-2",114,"coffee"
"furaneol™","3658-77-3",112,"caramel"
"furfural","98-01-1",96,"almond"
"furfural","98-01-1",96,"sweet"
"furfural","98-01-1",96,"bread"
"furfuryl alcohol","98-00-0",98,"burnt"
"furfurylmethyldisulphide","57500-00-2",160,"smoke"
"geosmin","19700-21-1",182,"earth"
"geosmin","19700-21-1",182,"beet"
"geranial","141-27-5",152,"lemon"
"geranial","141-27-5",152,"mint"
"geraniol","106-24-1",154,"rose"
"geraniol","106-24-1",154,"geranium"
"geranyl acetate","105-87-3",196,"rose"
"geranyl acetone","3796-70-1",194,"green"
"geranyl acetone","3796-70-1",194,"magnolia"
"geranyl butyrate","106-29-6",224,"apple"
"geranyl butyrate","106-29-6",224,"rose"
"geranyl butyrate","106-29-6",224,"fruit"
"geranyl isovalerate","109-20-6",238,"rose"
"geranyl isovalerate","109-20-6",238,"apple"
"geranyl isovalerate","109-20-6",238,"fruit"
"geranyl valerate","10402-47-8",238,"fruit"
"geranyl valerate","10402-47-8",238,"rose"
"germacrene B","15423-57-1",204,"spice"
"germacrene B","15423-57-1",204,"wood"
"germacrene B","15423-57-1",204,"earth"
"germacrene D","23986-74-5",204,"wood"
"germacrene D","23986-74-5",204,"spice"
"guaiacol","90-05-1",124,"smoke"
"guaiacol","90-05-1",124,"sweet"
"guaiacol","90-05-1",124,"medicine"
"guaiol","489-86-1",222,"wood"
"guaiol","489-86-1",222,"balsamic"
"heneicosane","629-94-7",296,"alkane"
"heptadecane","629-78-7",240,"alkane"
"heptanal","111-71-7",114,"fat"
"heptanal","111-71-7",114,"rancid"
"heptanal","111-71-7",114,"citrus"
"heptane","142-82-5",100,"alkane"
"heptanol","589-82-2",116,"mushroom"
"heptanol","589-82-2",116,"herb"
"heptanol","589-82-2",116,"chemical"
"heptanol","589-82-2",116,"green"
"heptanol","111-70-6",116,"mushroom"
"heptanol","111-70-6",116,"herb"
"heptanol","111-70-6",116,"chemical"
"heptanol","111-70-6",116,"green"
"heptanol","543-49-7",116,"mushroom"
"heptanol","543-49-7",116,"herb"
"heptanol","543-49-7",116,"chemical"
"heptanol","543-49-7",116,"green"
"heptanone","110-43-0",114,"soap"
"heptenal","18829-55-5",112,"fat"
"heptenal","18829-55-5",112,"almond"
"heptenal","18829-55-5",112,"soap"
"heptenone","2918-13-0",112,"metal"
"heptyl 2-methylbutyrate","50862-12-9",200,"apple"
"hexadecane","544-76-3",226,"alkane"
"hexadecanol","29354-98-1",242,"wax"
"hexadecanol","29354-98-1",242,"flower"
"hexadecanone","18787-63-8",240,"fruit"
"hexanal","66-25-1",100,"tallow"
"hexanal","66-25-1",100,"grass"
"hexanal","66-25-1",100,"fat"
"hexane","110-54-3",86,"alkane"
"hexanethiol","111-31-9",118,"sulfur"
"hexanol","111-27-3",102,"resin"
"hexanol","111-27-3",102,"flower"
"hexanol","111-27-3",102,"green"
"hexanone","591-78-6",100,"ether"
"hexanone","591-78-6",100,"ether"
"hexanone","591-78-6",100,"grape"
"hexanone","589-38-8",100,"ether"
"hexanone","589-38-8",100,"ether"
"hexanone","589-38-8",100,"grape"
"hexenone","1629-60-3",98,"cooked vegetable"
"hexenone","1629-60-3",98,"metal"
"hexenyl acetate","3681-71-8",142,"banana"
"hexenyl acetate","3681-71-8",142,"green"
"hexyl acetate","142-92-7",144,"herb"
"hexyl acetate","142-92-7",144,"fruit"
"hexyl butanoate","2639-63-6",172,"apple peel"
"hexyl hexanoate","6378-65-0",200,"peach"
"hexyl hexanoate","6378-65-0",200,"apple peel"
"hexyl methylbutyrate","10032-15-2",186,"strawberry"
"hexyl octanoate","1117-55-1",228,"oil"
"hexyl octanoate","1117-55-1",228,"green"
"hexyl octanoate","1117-55-1",228,"herb"
"homofuraneol","27538-10-9",142,"caramel"
"homofuraneol","27538-10-9",142,"caramel"
"hotrienol","20053-88-7",152,"hyacinth"
"humulene oxide","19888-33-6",220,"herb"
"hydrocinnamic acid","501-52-0",150,"balsamic"
"hydrocinnamic alcohol","122-97-4",136,"anise"
"hydrocinnamic alcohol","122-97-4",136,"fruit"
"hydrocinnamic alcohol","122-97-4",136,"cinnamon"
"hydroxycalamenene","95908-33-1",218,"herb"
"hydroxydimethylcyclopentenone","21835-00-7",126,"caramel"
"hydroxypentanone","3142-66-3",102,"herb"
"hydroxypentanone","3142-66-3",102,"truffle"
"hydroxypentanone","3142-66-3",102,"nut"
"hydroxypentanone","3142-66-3",102,"earth"
"hydroxypentanone","3142-66-3",102,"truffle"
"hydroxypentanone","5704-20-1",102,"herb"
"hydroxypentanone","5704-20-1",102,"truffle"
"hydroxypentanone","5704-20-1",102,"nut"
"hydroxypentanone","5704-20-1",102,"earth"
"hydroxypentanone","5704-20-1",102,"truffle"
"indole","120-72-9",117,"burnt"
"indole","120-72-9",117,"mothball"
"isoamyl acetate","123-92-2",130,"banana"
"isoborneol","124-76-5",154,"must"
"isoborneol","124-76-5",154,"camphor"
"isobornyl formate","1200-67-5",182,"earth"
"isobornyl formate","1200-67-5",182,"camphor"
"isobornyl formate","1200-67-5",182,"green"
"isobornyl propionate","2756-56-1",210,"fruit"
"isobornyl propionate","2756-56-1",210,"turpentine"
"isobutanol","78-83-1",74,"bitter"
"isobutanol","78-83-1",74,"wine"
"isobutanol","78-83-1",74,"solvent"
"isobutyl acetate","110-19-0",116,"banana"
"isobutyl acetate","110-19-0",116,"apple"
"isobutyl acetate","110-19-0",116,"fruit"
"isobutyl thiazole","18640-74-9",141,"tomato leaf"
"isobutyl thiazole","18640-74-9",141,"green"
"isobutylmethoxypyrazine","24683-00-9",166,"earth"
"isobutylmethoxypyrazine","24683-00-9",166,"spice"
"isobutylmethoxypyrazine","24683-00-9",166,"green pepper"
"isobutyraldehyde","78-84-2",72,"malt"
"isobutyraldehyde","78-84-2",72,"pungent"
"isobutyraldehyde","78-84-2",72,"green"
"isobutyric acid","79-31-2",88,"rancid"
"isobutyric acid","79-31-2",88,"butter"
"isobutyric acid","79-31-2",88,"cheese"
"isocaryophyllene","118-65-0",204,"wood"
"isodihydrocarveol","18675-35-9",154,"spice"
"isodihydrocarveol","18675-35-9",154,"wood"
"isoeugenol","97-54-1",164,"flower"
"isogeraniol","16750-94-0",154,"rose"
"isogeraniol","16750-94-0",154,"rose"
"isogeraniol","5944-20-7",154,"rose"
"isogeraniol","5944-20-7",154,"rose"
"isopentyldimethylpyrazine","18433-98-2",178,"fruit"
"isopiperitone","58615-39-7",152,"fruit"
"isopiperitone","58615-39-7",152,"sweet"
"isopropyl benzoate","939-48-0",164,"fruit"
"isopropyl benzoate","939-48-0",164,"sweet"
"isopropyl butanoate","638-11-9",130,"fruit"
"isopropyl butanoate","638-11-9",130,"pungent"
"isopropyl hexanoate","2311-46-8",158,"fresh"
"isopropyl palmitate","142-91-6",298,"fat"
"isopropylmethoxypyrazine","25773-40-4",152,"pea"
"isopropylmethoxypyrazine","25773-40-4",152,"earth"
"isopulegyl acetate","89-49-6",196,"leaf"
"isopulegyl acetate","89-49-6",196,"mint"
"isovaleric acid","503-74-2",102,"acid"
"isovaleric acid","503-74-2",102,"sweat"
"isovaleric acid","503-74-2",102,"rancid"
"l-menthol","2216-51-5",156,"peppermint"
"lauric acid","143-07-7",200,"metal"
"lauric aldehyde","112-54-9",184,"fat"
"lauric aldehyde","112-54-9",184,"lily"
"lauric aldehyde","112-54-9",184,"citrus"
"lauryl alcohol","112-53-8",186,"fat"
"lauryl alcohol","112-53-8",186,"wax"
"lavandulol","498-16-8",154,"herb"
"levomenol","23089-26-1",222,"herb"
"limonene","138-86-3",136,"lemon"
"limonene","138-86-3",136,"orange"
"limonene oxide","1195-92-2",152,"fruit"
"linalool","78-70-6",154,"lavender"
"linalool","78-70-6",154,"flower"
"linalool oxide","1365-19-1",170,"flower"
"linalool oxide","1365-19-1",170,"wood"
"linalyl acetate","115-95-7",196,"fruit"
"linalyl acetate","115-95-7",196,"sweet"
"linalyl butyrate","78-36-4",224,"sweet"
"linalyl butyrate","78-36-4",224,"pear"
"linalyl formate","115-99-1",182,"citrus"
"linalyl formate","115-99-1",182,"coriander"
"linalyl isovalerate","1118-27-0",238,"sweet"
"linalyl isovalerate","1118-27-0",238,"apple"
"linalyl isovalerate","1118-27-0",238,"citrus"
"linalyl valerate","10471-96-2",238,"citrus"
"linalyl valerate","10471-96-2",238,"lavender"
"m-cresol","108-39-4",108,"fecal"
"m-cresol","108-39-4",108,"plastic"
"m-xylene","108-38-3",106,"plastic"
"maltol","118-71-8",140,"caramel"
"menthone","89-80-5",154,"fresh"
"menthone","89-80-5",154,"mint"
"menthone","89-80-5",154,"green"
"menthone","10458-14-7",154,"fresh"
"menthone","10458-14-7",154,"mint"
"menthone","10458-14-7",154,"green"
"mercaptoacetaldehyde","4124-63-4",76,"cabbage"
"mercaptobutanone","40789-98-8",104,"onion"
"mercaptomethylbutanol","34300-94-2",118,"meat broth"
"mercaptomethylbutyl formate","50746-10-6",148,"cat"
"mercaptomethylbutyl formate","50746-10-6",148,"roast"
"mercaptomethylpentanone","75832-79-0",132,"black currant"
"mercaptopentanone","67633-97-0",118,"sulfur"
"mercaptopentanone","67633-97-0",118,"meat"
"mercaptopentanone","67633-97-0",118,"roasted meat"
"mercaptopentanone","67633-97-0",118,"onion"
"mercaptopentanone","17042-24-9",118,"sulfur"
"mercaptopentanone","17042-24-9",118,"meat"
"mercaptopentanone","17042-24-9",118,"roasted meat"
"mercaptopentanone","17042-24-9",118,"onion"
"methanethiol","74-93-1",48,"garlic"
"methanethiol","74-93-1",48,"sulfur"
"methanethiol","74-93-1",48,"gasoline"
"methional","3268-49-3",104,"cooked potato"
"methionol","505-10-2",106,"sweet"
"methionol","505-10-2",106,"potato"
"methoxymethylbutanethiol","94087-83-9",134,"cat"
"methoxymethylbutanethiol","94087-83-9",134,"black currant"
"methyl-(methyldithio)furan","65505-17-1",160,"thiamin"
"methyl-(methyldithio)furan","65505-17-1",160,"cooked meat"
"methyl-2-(methylthio)acetate","16630-66-3",120,"roasted nut"
"methyl-2-(methylthio)acetate","16630-66-3",120,"cooked potato"
"methyl-2-butenal","1115-11-3",84,"green"
"methyl-2-butenal","1115-11-3",84,"fruit"
"methyl-2-butenol","556-82-1",86,"herb"
"methyl-p-xylene","95-63-6",120,"plastic"
"methyl-thiophenethiol","2527-76-6",130,"medicine"
"methyl anthranilate","134-20-3",151,"flower"
"methyl anthranilate","134-20-3",151,"honey"
"methyl benzoate","93-58-3",136,"herb"
"methyl benzoate","93-58-3",136,"prune"
"methyl benzoate","93-58-3",136,"lettuce"
"methyl benzoate","93-58-3",136,"sweet"
"methyl butanoate","623-42-7",102,"ether"
"methyl butanoate","623-42-7",102,"fruit"
"methyl butanoate","623-42-7",102,"sweet"
"methyl cinnamate","1754-62-7",162,"strawberry"
"methyl cinnamate","1754-62-7",162,"strawberry"
"methyl cinnamate","103-26-4",162,"strawberry"
"methyl cinnamate","103-26-4",162,"strawberry"
"methyl cyclohexanecarboxylate","4630-82-4",142,"fruit"
"methyl cyclohexanecarboxylate","4630-82-4",142,"ester"
"methyl decanoate","110-42-9",186,"wine"
"methyl dihydroepijasmonate","39647-11-5",212,"jasmine"
"methyl epijasmonate","95722-42-2",225,"jasmine"
"methyl ethyl ketone","78-93-3",72,"ether"
"methyl ethyl sulfide","624-89-5",76,"sulfur"
"methyl ethyl sulfide","624-89-5",76,"garlic"
"methyl eugenol","93-15-2",178,"spice"
"methyl eugenol","93-15-2",178,"clove"
"methyl furaneol","27538-09-6",142,"sweet"
"methyl furaneol","27538-09-6",142,"cotton candy"
"methyl geranate","1189-09-9",182,"fruit"
"methyl geranate","1189-09-9",182,"green"
"methyl geranate","1189-09-9",182,"flower"
"methyl hexanoate","106-70-7",130,"sweet"
"methyl hexanoate","106-70-7",130,"fruit"
"methyl hexanoate","106-70-7",130,"fresh"
"methyl jasmonate","1211-29-6",224,"jasmine"
"methyl laurate","111-82-0",214,"fat"
"methyl laurate","111-82-0",214,"coconut"
"methyl methylbutanoate","556-24-1",116,"apple"
"methyl methylbutyrate","868-57-5",116,"apple"
"methyl methylpropanoate","547-63-7",102,"flower"
"methyl nonanoate","1731-84-6",172,"coconut"
"methyl octadecenoate","112-61-8",298,"fat"
"methyl octanoate","111-11-5",158,"orange"
"methyl pyrazine","109-08-0",94,"popcorn"
"methyl quinoxaline","7251-61-8",144,"nut"
"methyl quinoxaline","7251-61-8",144,"roast"
"methyl quinoxaline","7251-61-8",144,"fruit"
"methyl salicylate","119-36-8",152,"peppermint"
"methyl tetradecanoate","124-10-7",242,"orris"
"methyl thiocyanate","556-64-9",73,"sulfur"
"methyl vanillate","3943-74-6",182,"caramel"
"methyl vanillate","3943-74-6",182,"butterscotch"
"methyl vanillate","3943-74-6",182,"vanilla"
"methylbutanal","590-86-3",86,"malt"
"methylbutanal","590-86-3",86,"cocoa"
"methylbutanal","590-86-3",86,"almond"
"methylbutanone","563-80-4",86,"camphor"
"methylbutenol","115-18-4",86,"herb"
"methylbutenthiol","5287-45-6",102,"amine"
"methylbutenthiol","5287-45-6",102,"smoke"
"methylbutyric acid","116-53-0",102,"cheese"
"methylbutyric acid","116-53-0",102,"sweat"
"methylbutyric acid","503-74-2",102,"cheese"
"methylbutyric acid","503-74-2",102,"sweat"
"methylcyclopentapyrazine","65128-99-6",132,"roast"
"methyldihydrofuranthiol","26486-13-5",116,"meat"
"methyldihydrothiophenone","13679-85-1",116,"must"
"methyldihydrothiophenone","13679-85-1",116,"cabbage"
"methyldihydrothiophenone","13679-85-1",116,"onion"
"methyldithiofurane","65505-17-1",160,"meat"
"methyldithiofurane","65505-17-1",160,"thiamin"
"methyldithiolane","5616-51-3",120,"sulfur"
"methylene bis(methyl sulfide)","1618-26-4",108,"sulfur"
"methylene bis(methyl sulfide)","1618-26-4",108,"garlic"
"methylethyl pyrazine","15707-23-0",122,"roast"
"methylethylpyrazine","33504-66-4",122,"sweat"
"methylfuranthiol","28588-74-1",114,"meat"
"methylfurfurylthiol","59303-05-8",128,"sulfur"
"methylfurfurylthiol","59303-05-8",128,"roast"
"methylisoborneol","2371-42-8",168,"must"
"methylisoborneol","2371-42-8",168,"earth"
"methylisohexenyl ketone","110-93-0",126,"pepper"
"methylisohexenyl ketone","110-93-0",126,"mushroom"
"methylisohexenyl ketone","110-93-0",126,"rubber"
"methylnonanedione","113486-29-6",170,"straw"
"methylnonanedione","113486-29-6",170,"fruit"
"methylpentanol","590-36-3",102,"pungent"
"methylpentanone","565-69-5",100,"mint"
"methyltetrahydrofuranthiol","26548-78-7",118,"onion"
"methylthiazoline","52558-99-3",101,"garlic"
"methylthiophene","554-14-3",98,"sulfur"
"myrcene","123-35-3",136,"must"
"myrcene","123-35-3",136,"balsamic"
"myrcene","123-35-3",136,"spice"
"myristicin","607-91-0",192,"warm"
"myristicin","607-91-0",192,"spice"
"myristicin","607-91-0",192,"balsamic"
"myrtenal","23727-16-4",150,"spice"
"naphthalene","91-20-3",128,"tar"
"neoisomenthol","491-02-1",156,"menthol"
"neral","106-26-3",152,"lemon"
"nerol","106-25-2",154,"sweet"
"nerol oxide","1786-08-9",152,"flower"
"nerol oxide","1786-08-9",152,"oil"
"nerolidol","40716-66-3",222,"wood"
"nerolidol","40716-66-3",222,"wax"
"nerolidol","40716-66-3",222,"flower"
"neryl acetate","141-12-8",196,"fruit"
"nitro-phenylethane","6125-24-2",151,"flower"
"nitro-phenylethane","6125-24-2",151,"spice"
"nonadecane","629-92-5",268,"alkane"
"nonadienol","28069-72-9",140,"cucumber"
"nonanal","124-19-6",142,"citrus"
"nonanal","124-19-6",142,"green"
"nonanal","124-19-6",142,"fat"
"nonane","111-84-2",128,"alkane"
"nonanoic acid","112-05-0",158,"green"
"nonanoic acid","112-05-0",158,"fat"
"nonanol","143-08-8",144,"green"
"nonanol","143-08-8",144,"fat"
"nonanone","821-55-6",142,"green"
"nonanone","821-55-6",142,"hot milk"
"nonanone","821-55-6",142,"soap"
"nonenone","5009-32-5",140,"pungent"
"nonenone","5009-32-5",140,"baked"
"nonenone","5009-32-5",140,"mushroom"
"nonenone","24415-26-7",140,"pungent"
"nonenone","24415-26-7",140,"baked"
"nonenone","24415-26-7",140,"mushroom"
"nonyl acetate","143-13-5",186,"fruit"
"nonyl acetate","143-13-5",186,"sweet"
"norfuraneol","19322-27-1",114,"caramel"
"o-aminoacetophenone","551-93-9",135,"sweet"
"o-aminoacetophenone","551-93-9",135,"foxy"
"o-cresol","95-48-7",108,"phenol"
"o-picoline","109-06-8",93,"sweat"
"o-xylene","95-47-6",106,"geranium"
"ocimene","27400-71-1",136,"herb"
"ocimene","502-99-8",136,"herb"
"ocimene","3779-61-1",136,"herb"
"octadecanaldehyde","638-66-4",268,"oil"
"octadecane","593-45-3",254,"alkane"
"octadienone","65767-22-8",124,"metal"
"octadienone","65767-22-8",124,"geranium"
"octanal","124-13-0",128,"soap"
"octanal","124-13-0",128,"lemon"
"octanal","124-13-0",128,"fat"
"octanal","124-13-0",128,"green"
"octane","111-65-9",114,"alkane"
"octanoic acid","124-07-2",144,"sweat"
"octanoic acid","124-07-2",144,"cheese"
"octanol","111-87-5",130,"metal"
"octanol","111-87-5",130,"mushroom"
"octanol","111-87-5",130,"moss"
"octanol","111-87-5",130,"burnt"
"octanol","111-87-5",130,"chemical"
"octanol","111-87-5",130,"nut"
"octanol","589-98-0",130,"metal"
"octanol","589-98-0",130,"mushroom"
"octanol","589-98-0",130,"moss"
"octanol","589-98-0",130,"burnt"
"octanol","589-98-0",130,"chemical"
"octanol","589-98-0",130,"nut"
"octanone","111-13-7",128,"gasoline"
"octanone","111-13-7",128,"soap"
"octanone","111-13-7",128,"butter"
"octanone","111-13-7",128,"resin"
"octanone","111-13-7",128,"herb"
"octanone","106-68-3",128,"gasoline"
"octanone","106-68-3",128,"soap"
"octanone","106-68-3",128,"butter"
"octanone","106-68-3",128,"resin"
"octanone","106-68-3",128,"herb"
"octenhydroperoxide","72755-76-1",144,"metal"
"octenhydroperoxide","72755-76-1",144,"mushroom"
"octenol","18409-17-1",128,"mushroom"
"octenol","18409-17-1",128,"soap"
"octenol","18409-17-1",128,"plastic"
"octenol","3391-86-4",128,"mushroom"
"octenol","3391-86-4",128,"soap"
"octenol","3391-86-4",128,"plastic"
"octenone","4312-99-6",126,"metal"
"octenone","4312-99-6",126,"mushroom"
"octyl acetate","2051-50-5",172,"fruit"
"oleic acid","112-80-1",282,"fat"
"oxo-β-ionone","29790-29-2",206,"wood"
"oxodecanal","43160-78-7",170,"fat"
"p-2-menthen-1-ol","619-62-5",154,"herb"
"p-anisaldehyde","123-11-5",136,"sweet"
"p-anisaldehyde","123-11-5",136,"mint"
"p-anisyl alcohol","105-13-5",138,"flower"
"p-coumaric acid","501-98-4",164,"balsamic"
"p-cresol","106-44-5",108,"medicine"
"p-cresol","106-44-5",108,"smoke"
"p-cresol","106-44-5",108,"phenol"
"p-cymene","99-87-6",134,"citrus"
"p-cymene","99-87-6",134,"gasoline"
"p-cymene","99-87-6",134,"solvent"
"p-cymenol","1197-01-9",150,"must"
"p-cymenol","1197-01-9",150,"citrus"
"p-hydroethylbenzene","123-07-9",122,"spice"
"p-hydroethylbenzene","123-07-9",122,"phenol"
"p-menth-1-en-9-ol","18479-68-0",154,"herb"
"p-menth-1-en-9-ol","18479-68-0",154,"fruit"
"p-menth-1-en-9-yl acetate","28839-13-6",196,"herb"
"p-menth-1-en-9-yl acetate","28839-13-6",196,"fruit"
"p-mentha-dien-hydroperoxide","32495-14-0",168,"turpentine"
"p-menthadienhydroperoxide","94268-57-2",168,"turpentine"
"p-menthadienhydroperoxide","94268-57-2",168,"turpentine"
"p-menthadienhydroperoxide","94268-57-2",168,"turpentine"
"p-menthadienhydroperoxide","77026-83-6",168,"turpentine"
"p-menthadienhydroperoxide","77026-83-6",168,"turpentine"
"p-menthadienhydroperoxide","77026-83-6",168,"turpentine"
"p-menthadienhydroperoxide","77026-84-7",168,"turpentine"
"p-menthadienhydroperoxide","77026-84-7",168,"turpentine"
"p-menthadienhydroperoxide","77026-84-7",168,"turpentine"
"p-menthatriene","18368-95-1",134,"turpentine"
"p-menthenethiol","71159-90-5",170,"grapefruit"
"p-methoxystyrene","637-69-4",134,"sweet"
"p-vinylguaiacol","7786-61-0",150,"clove"
"p-vinylguaiacol","7786-61-0",150,"curry"
"palmitaldehyde","629-80-1",240,"cardboard"
"pantolactone","599-04-2",130,"cotton candy"
"pentadecanal","09.11.2765",226,"fresh"
"pentadecane","629-62-9",212,"alkane"
"pentanal","110-62-3",86,"pungent"
"pentanal","110-62-3",86,"malt"
"pentanal","110-62-3",86,"almond"
"pentane","109-66-0",72,"alkane"
"pentanoic acid","109-52-4",102,"sweat"
"pentanol","71-41-0",88,"balsamic"
"pentanol","71-41-0",88,"fruit"
"pentanone","107-87-9",86,"fruit"
"pentanone","107-87-9",86,"ether"
"pentanone","107-87-9",86,"ether"
"pentenal","1576-87-0",84,"strawberry"
"pentenal","1576-87-0",84,"tomato"
"pentenal","1576-87-0",84,"fruit"
"pentenol","616-25-1",86,"pungent"
"pentenol","616-25-1",86,"butter"
"pentenone","1629-58-9",84,"fish"
"pentenone","1629-58-9",84,"pungent"
"pentyl butanoate","540-18-1",158,"banana"
"pentyl methylbutyrate","68039-26-9",172,"apple"
"pentylfuran","3777-69-3",138,"butter"
"pentylfuran","3777-69-3",138,"green bean"
"pentylpyridine","2294-76-0",149,"fat"
"perhydrofarnesylacetone","502-69-2",268,"fat"
"perilla aldehyde","2111-75-3",150,"spice"
"perillaldehyde","18031-40-8",150,"fat"
"perillen","539-52-6",150,"wood"
"phenol","108-95-2",94,"phenol"
"phenyl cyanide","100-47-0",103,"rancid"
"phenylacetic acid","103-82-2",136,"honey"
"phenylacetic acid","103-82-2",136,"flower"
"phenylethanal","122-78-1",120,"sweet"
"phenylethanal","122-78-1",120,"hawthorne"
"phenylethanal","122-78-1",120,"honey"
"phenylethyl benzoate","97-47-3",226,"flower"
"phenylethyl benzoate","97-47-3",226,"honey"
"phenylethylthiol","4410-99-5",138,"rubber"
"phytol","150-86-7",296,"flower"
"pinenol","168564-54-3",152,"dust"
"pinenol","168564-54-3",152,"must"
"pinocarveol","4955-29-7",152,"flower"
"piperitol","16721-39-4",154,"herb"
"piperitone","89-81-6",152,"mint"
"piperitone","89-81-6",152,"fresh"
"propanal","123-38-6",58,"solvent"
"propanal","123-38-6",58,"pungent"
"propanoic acid","79-09-4",74,"soy"
"propanoic acid","79-09-4",74,"pungent"
"propanoic acid","79-09-4",74,"rancid"
"propanol","71-23-8",60,"alcohol"
"propanol","71-23-8",60,"pungent"
"Propionylpyrrole","1073-26-3",123,"popcorn"
"Propionylpyrrole","1073-26-3",123,"roast"
"propionylpyrroline","133447-37-7",125,"roast"
"propyl butyrate","105-66-8",130,"pineapple"
"propyl butyrate","105-66-8",130,"solvent"
"propyl hexanoate","626-77-7",158,"fruit"
"propyl propanoate","106-36-5",116,"pineapple"
"pyrrolidine","123-75-1",71,"alkaline"
"R-δ-decenolactone","54814-64-1",168,"peach"
"raspberry ketone","5471-51-2",164,"raspberry"
"S-(2-furfuryl)-ethanethioate","13678-68-7",156,"roast"
"sabinene","3387-41-5",136,"wood"
"sabinene","3387-41-5",136,"turpentine"
"sabinene","3387-41-5",136,"pepper"
"safranal","116-26-7",150,"sweet"
"safranal","116-26-7",150,"herb"
"safrole","94-59-7",162,"sweet"
"safrole","94-59-7",162,"spice"
"safrole","94-59-7",162,"warm"
"sesquiphellandrene","73744-93-1",204,"sweet"
"sesquiphellandrene","73744-93-1",204,"herb"
"sesquiphellandrene","73744-93-1",204,"fruit"
"skatole","83-34-1",131,"mothball"
"skatole","83-34-1",131,"fecal"
"sotolon","28664-35-9",128,"spice"
"sotolon","28664-35-9",128,"maple"
"sotolon","28664-35-9",128,"cotton candy"
"spathulenol","6750-60-3",220,"fruit"
"spathulenol","6750-60-3",220,"herb"
"stearyl alcohol","112-92-5",270,"oil"
"styrene","100-42-5",104,"balsamic"
"styrene","100-42-5",104,"gasoline"
"styrene glycol","25779-13-9",138,"sweet"
"sulfurol","137-00-8",143,"sulfur"
"syntexan","67-68-5",78,"garlic"
"syringol","91-10-1",154,"phenol"
"syringol","91-10-1",154,"medicine"
"syringol","91-10-1",154,"smoke"
"T-muurolol","19912-62-0",222,"herb"
"T-muurolol","19912-62-0",222,"weak spice"
"terpinyl acetate","80-26-2",196,"wax"
"tetradecane","629-59-4",198,"alkane"
"tetradecanol","112-72-1",214,"coconut"
"tetradecyl aldehyde","124-25-4",212,"wax"
"tetradecyl aldehyde","124-25-4",212,"flower"
"thenylthiol","6258-63-5",130,"sulfur"
"thiophane","110-01-0",88,"cabbage"
"thiophene","110-02-1",84,"garlic"
"toluene","108-88-3",92,"paint"
"trans-crotonaldehyde","123-73-9",70,"flower"
"trans-sabinene hydrate","17699-16-0",154,"balsamic"
"trans-sabinene hydrate","17699-16-0",154,"wood"
"tricosane","638-67-5",324,"alkane"
"tridecanal","10486-19-8",198,"flower"
"tridecanal","10486-19-8",198,"sweet"
"tridecanal","10486-19-8",198,"must"
"tridecane","629-50-5",184,"alkane"
"tridecanol","112-70-9",200,"must"
"trimethyl-pyrazine","14667-55-1",122,"potato"
"trimethyl-pyrazine","14667-55-1",122,"must"
"trimethyl-pyrazine","14667-55-1",122,"roast"
"trimethylamine","75-50-3",59,"fish"
"trimethylphenylbutenone","81018-77-1",188,"green"
"trimethylphenylbutenone","81018-77-1",188,"green"
"trimethylphenylbutenone","81018-77-1",188,"flower"
"trimethylphenylbutenone","81018-77-1",188,"flower"
"trimethylphenylbutenone","57461-21-9",188,"green"
"trimethylphenylbutenone","57461-21-9",188,"green"
"trimethylphenylbutenone","57461-21-9",188,"flower"
"trimethylphenylbutenone","57461-21-9",188,"flower"
"trimethylthiazole","13623-11-5",127,"earth"
"uncineol","1209-71-8",222,"wax"
"uncineol","1209-71-8",222,"sweet"
"undecanaldehyde","112-44-7",170,"oil"
"undecanaldehyde","112-44-7",170,"pungent"
"undecanaldehyde","112-44-7",170,"sweet"
"undecane","1120-21-4",156,"alkane"
"undecanol","112-42-5",172,"mandarin"
"undecanone","112-12-9",170,"fresh"
"undecanone","112-12-9",170,"green"
"undecanone","112-12-9",170,"orange"
"undecylic acid","112-37-8",186,"oil"
"valencene","03.07.4630",204,"oil"
"valencene","03.07.4630",204,"green"
"vanillin","121-33-5",152,"vanilla"
"viridiflorol","552-02-3",222,"green"
"viridiflorol","552-02-3",222,"sweet"
"wine lactone","182699-77-0",166,"coconut"
"wine lactone","182699-77-0",166,"spice"
"zingiberenol","58334-55-7",222,"metal"
"α-bisabolol","515-69-5",222,"spice"
"α-bisabolol","515-69-5",222,"flower"
"α-cadinol","481-34-5",222,"wood"
"α-cadinol","481-34-5",222,"herb"
"α-calacorene","21391-99-1",200,"wood"
"α-caryophyllene alcohol","4586-22-5",222,"earth"
"α-copaene","3856-25-5",204,"spice"
"α-copaene","3856-25-5",204,"wood"
"α-cubebene","17699-14-8",204,"herb"
"α-cubebene","17699-14-8",204,"wax"
"α-curcumene","644-30-4",202,"herb"
"α-farnesene","502-61-4",204,"sweet"
"α-farnesene","502-61-4",204,"wood"
"α-fenchyl alcohol","14575-74-7",154,"camphor"
"α-fenchyl alcohol","14575-74-7",154,"camphor"
"α-fenchyl alcohol","14575-74-7",154,"camphor"
"α-fenchyl alcohol","14575-74-7",154,"camphor"
"α-guaiene","01.12.3691",204,"balsamic"
"α-guaiene","01.12.3691",204,"wood"
"α-gurjunene","489-40-7",204,"wood"
"α-gurjunene","489-40-7",204,"balsamic"
"α-humulene","6753-98-6",204,"wood"
"α-ionone","127-41-3",192,"wood"
"α-ionone","127-41-3",192,"violet"
"α-muurolene","10208-80-7",204,"wood"
"α-ocimene","502-99-8",136,"wet cloth"
"α-ocimene","502-99-8",136,"fruit"
"α-ocimene","502-99-8",136,"wet cloth"
"α-ocimene","502-99-8",136,"fruit"
"α-p-dimethylstyrene","1195-32-0",132,"pine"
"α-p-dimethylstyrene","1195-32-0",132,"citrus"
"α-phellandrene","99-83-2",136,"turpentine"
"α-phellandrene","99-83-2",136,"spice"
"α-phellandrene","99-83-2",136,"mint"
"α-phellandrene","99-83-2",136,"turpentine"
"α-phellandrene","99-83-2",136,"spice"
"α-phellandrene","99-83-2",136,"mint"
"α-pinene","80-56-8",136,"pine"
"α-pinene","80-56-8",136,"turpentine"
"α-terpinene","99-86-5",136,"lemon"
"α-terpineol","98-55-5",154,"mint"
"α-terpineol","98-55-5",154,"anise"
"α-terpineol","98-55-5",154,"oil"
"α-thujene","02.05.2867",136,"herb"
"α-thujene","02.05.2867",136,"green"
"α-thujene","02.05.2867",136,"wood"
"α-zingiberene","495-60-3",204,"spice"
"α-zingiberene","495-60-3",204,"fresh"
"α-zingiberene","495-60-3",204,"sharp"
"β-bisabolol","15352-77-9",222,"herb"
"β-bisabolol","15352-77-9",222,"sweet"
"β-bisabolol","15352-77-9",222,"herb"
"β-bisabolol","15352-77-9",222,"sweet"
"β-bisabolol","23089-26-1",222,"herb"
"β-bisabolol","23089-26-1",222,"sweet"
"β-bourbonene","5208-59-3",0,"herb"
"β-carene","554-60-9",136,"orange peel"
"β-carene","554-60-9",136,"orange peel"
"β-caryophyllene","87-44-5",204,"wood"
"β-caryophyllene","87-44-5",204,"spice"
"β-caryophyllene alcohol","472-97-9",222,"earth"
"β-caryophyllene alcohol","472-97-9",222,"moss"
"β-cubebene","13744-15-5",204,"fruit"
"β-cubebene","13744-15-5",204,"citrus"
"β-cyclocitral","432-25-7",152,"mint"
"β-damascenone","23726-93-4",190,"honey"
"β-damascenone","23726-93-4",190,"apple. rose"
"β-elemene","33880-83-0",204,"wax"
"β-elemene","33880-83-0",204,"fresh"
"β-elemene","33880-83-0",204,"herb"
"β-elemene","33880-83-0",204,"wax"
"β-elemene","33880-83-0",204,"fresh"
"β-elemene","33880-83-0",204,"herb"
"β-eudesmol","473-15-4",222,"green"
"β-eudesmol","473-15-4",222,"wood"
"β-farnesene","18794-84-8",204,"sweet"
"β-farnesene","18794-84-8",204,"wood"
"β-farnesene","18794-84-8",204,"citrus"
"β-farnesol","58181-76-3",222,"flower"
"β-farnesol","58181-76-3",222,"oil"
"β-guaiene","88-84-6",204,"wood"
"β-guaiene","88-84-6",204,"spice"
"β-ionone","79-77-6",192,"flower"
"β-ionone","79-77-6",192,"violet"
"β-ionone","79-77-6",192,"seaweed"
"β-ionone","79-77-6",192,"raspberry"
"β-phellandrene","555-10-2",136,"terpentine"
"β-phellandrene","555-10-2",136,"mint"
"β-phenethyl acetate","103-45-7",164,"rose"
"β-phenethyl acetate","103-45-7",164,"honey"
"β-phenethyl acetate","103-45-7",164,"tobacco"
"β-pinene","127-91-3",136,"turpentine"
"β-pinene","127-91-3",136,"resin"
"β-pinene","127-91-3",136,"pine"
"β-selinene","17066-67-0",204,"herb"
"β-sesquiphellandrene","20307-83-9",204,"wood"
"β-sinensal","60066-88-8",218,"sweet"
"β-terpineol","138-87-4",154,"must"
"γ-butyrolactone","96-48-0",86,"caramel"
"γ-butyrolactone","96-48-0",86,"sweet"
"γ-cadinene","39029-41-9",204,"wood"
"γ-decalactone","706-14-9",170,"peach"
"γ-decalactone","706-14-9",170,"fat"
"γ-dodecalactone","07.05.2305",198,"sweet"
"γ-dodecalactone","07.05.2305",198,"flower"
"γ-dodecalactone","07.05.2305",198,"fruit"
"γ-heptalactone","105-21-5",128,"nut"
"γ-heptalactone","105-21-5",128,"fruit"
"γ-heptalactone","105-21-5",128,"fat"
"γ-muurolene","30021-74-0",204,"spice"
"γ-muurolene","30021-74-0",204,"herb"
"γ-muurolene","30021-74-0",204,"wood"
"γ-nonalactone","104-61-0",156,"peach"
"γ-nonalactone","104-61-0",156,"coconut"
"γ-octalactone","104-50-7",142,"coconut"
"γ-octalactone","104-50-7",142,"coconut"
"γ-selinene","515-17-3",204,"wood"
"γ-terpinene","99-85-4",136,"turpentine"
"γ-terpinene","99-85-4",136,"gasoline"
"γ-undecalactone","104-67-6",184,"apricot"
"δ-3-carene","13466-78-9",136,"resin"
"δ-3-carene","13466-78-9",136,"lemon"
"δ-cadinene","483-76-1",204,"wood"
"δ-cadinene","483-76-1",204,"thyme"
"δ-cadinene","483-76-1",204,"medicine"
"δ-cadinol","36564-42-8",222,"herb"
"δ-decalactone","705-86-2",170,"coconut"
"δ-decalactone","705-86-2",170,"peach"
"δ-decalactone","2825-91-4",170,"coconut"
"δ-decalactone","2825-91-4",170,"peach"
"δ-dodecalactone","713-95-1",198,"fruit"
"δ-dodecalactone","713-95-1",198,"sweet"
"δ-elemene","20307-84-0",204,"wood"
"δ-muurolene","120021-96-7",204,"oil"
"δ-terpinene","586-62-9",136,"pine"
"δ-terpinene","586-62-9",136,"plastic"
"δ-undecalactone","710-04-3",184,"peach"
"δ-undecalactone","710-04-3",184,"peach"
