ID;Name;VK;Preisgruppe;Kartonnummer;Sample Key;note
15;A. Abg.;16,50;Preisgruppe 6;29;687;
12;A. Ferm.;29,90;Preisgruppe 10;29;681;
18;A.Bl.;16,50;Preisgruppe 6;29;691;
21;A.Sun.;49,90;Preisgruppe 13;30;461;
19;A.SY;49,90;Preisgruppe 13;30;457;
20;A.TB 19;29,90;Preisgruppe 10;30;459;
2851;Amrut Spectrum;35,90;Preisgruppe 11;1;572;
35;AnCnoc Black Hill Reserve;8,90;Preisgruppe 2;1;574;
2876;AnCnoc Rascan 11.1 PPM Limited Edition;9,90;Preisgruppe 3;1;570;
3059;Ardbeg 12 Jahre That Boutique-y Whisky Company Batch 23;22,90;Preisgruppe 8;1;573;
3445;Ardmore 11 Jahre 2010 / 2021 Winter 2021 Single Cask Seasons;14,50;Preisgruppe 5;1;568;
2845;Arran Lochranza Smugglers' Series Volume Two;18,90;Preisgruppe 7;26;718;
85;Auchentoshan Blood Oak;9,90;Preisgruppe 3;1;566;
292;Auchentoshan Virgin Oak;12,50;Preisgruppe 4;1;569;
97;Auchroisk 1996 / 2014 18 Jahre Gordon & MacPhail;12,50;Preisgruppe 4;1;564;
2878;Auchroisk 1997 / 2014 16 Jahre Deerstalker;12,50;Preisgruppe 4;1;567;
2885;Aultmore 1995 / 2009 Gordon & MacPhail Connoisseurs Choice;12,50;Preisgruppe 4;1;562;
2884;Aultmore 2006/2018 Single Cask Seasons Summer 2018;9,90;Preisgruppe 3;1;565;
2879;Balmenach 11 Jahre 2008 / 2020 Signatory Un-chillfiltered Cask 345;9,90;Preisgruppe 3;3;541;
3201;Ben Nevis 7 Jahre 2013 / 2021 Signatory Vintage The Un-Chillfiltered Collection;8,90;Preisgruppe 2;4;797;
3281;Ben Nevis Traditional Peated Highland Single Malt Scotch Whisky;9,90;Preisgruppe 3;4;796;
1812;BenRiach 10 Jahre Curiositas;8,90;Preisgruppe 2;1;563;
148;BenRiach Birnie Moss;8,90;Preisgruppe 2;1;561;
151;BenRiach Cask Strength Batch 001;12,50;Preisgruppe 4;1;559;
2853;Benrinnes 1995 / 2012 16 Jahre Signatory Vintage;14,50;Preisgruppe 5;1;560;
2854;Benrinnes 1995 / 2016 21 Jahre Signatory Vintage;14,50;Preisgruppe 5;1;558;
2883;Benrinnes 2002 / 2014 11 Jahre Hepburn's Choice;9,90;Preisgruppe 3;4;799;
2881;Benrinnes 2003 / 2013 10 Jahre Hepburn's Choice;9,90;Preisgruppe 3;4;798;
;Benromach Peat Smoke;9,90;Preisgruppe 3;5;819;
3026;Best Dram Miltonduff 11 Jahre 2009 / 2020 1st Fill Oloroso Sherry Finish;12,50;Preisgruppe 4;11;373;"merged from ""sample_registry"""
2837;Black Rock Batch 7 Peated Irish Whiskey limitiert;9,90;Preisgruppe 3;2;522;
1811;Blair Athol 1997 / 2013 Gordon & MacPhail Connoisseurs Choice;14,50;Preisgruppe 5;2;520;
2769;Blair Athol 2007 / 2020 Summer 2020 Signatory Single Cask;9,90;Preisgruppe 3;2;518;
2886;Bowmore Small Batch;8,90;Preisgruppe 2;4;801;
1085;Bowmore Vault Edition First Release;14,50;Preisgruppe 5;2;516;
2856;Braeval 1998 / 2012 13 Jahre Signatory Vintage;14,50;Preisgruppe 5;2;523;
;Breizh;8,90;Preisgruppe 2;5;821;
3127;Bruichladdich 21 Jahre Cuvee 382 La Berenice;18,90;Preisgruppe 7;20;361;"merged from ""sample_registry"""
2215;Bruichladdich Bere Barley 2010;12,50;Preisgruppe 4;16;728;
3319;Bruichladdich Black Art 9.1 29 Jahre;39,90;Preisgruppe 12;16;729;
1733;Bruichladdich Islay Barley 2011;9,90;Preisgruppe 3;15;430;"merged from ""sample_registry"""
3115;Bruichladdich New Spirit X4 Quadruple Distilled;18,90;Preisgruppe 7;10;884;
3113;Bruichladdich Octomore 01.1 131 ppm;79,90;Preisgruppe 14;17;663;double check the label
2277;Bruichladdich Octomore 10.3 Dialogos Islay Barley;18,90;Preisgruppe 7;34;923;"""114ppm"" on the label"
3114;Bruichladdich Octomore 3_152;35,90;Preisgruppe 11;16;741;
3116;Bruichladdich Port Charlotte 10 Jahre Second Edition;9,90;Preisgruppe 3;17;665;
3118;Bruichladdich Port Charlotte 2008 Islay Heavily Peated;9,90;Preisgruppe 3;16;730;
1491;Bruichladdich Port Charlotte Islay Barley 2011;9,90;Preisgruppe 3;20;369;"merged from ""sample_registry"""
2859;Bunnahabhain 12 Jahre 2007 / 2019 Signatory CS limitiert;14,50;Preisgruppe 5;2;521;
2892;Bunnahabhain 2004 / 2012 8 Jahre Gordon & MacPhail;9,90;Preisgruppe 3;4;800;"""Macphail's Collection"" on the label"
2889;Bunnahabhain 2007 / 2015 8 Jahre Hepburn's Choice;9,90;Preisgruppe 3;?;803;
?;Bunnahabhain Ceobanach;9,90;Preisgruppe 3;2;519;
2891;Bunnahabhain Staoisha 2013 / 2019 Very Cloudy;8,90;Preisgruppe 2;2;517;
1963;Bunnahabhain Toiteach;9,90;Preisgruppe 3;2;515;
2574;Bunnahabhain10 Jahre 2009 / 2020 Signatory Cask Strength by Kirsch Whisky;14,50;Preisgruppe 5;2;514;
3468;Campbeltown Loch by Springbank;12,50;Preisgruppe 4;2;507;
2894;Caol Ila 12 Jahre 2004 / 2017 Gordon & MacPhail Kirsch Exclusive;9,90;Preisgruppe 3;2;509;
73;Compass Box Asyla;8,90;Preisgruppe 2;2;511;
849;Cotswolds 2015 / 2019 Odyssey Barley;8,90;Preisgruppe 2;2;513;
2895;Craigellachie 15 Jahre 1999 / 2014 Distillers Art;12,50;Preisgruppe 4;2;512;
2896;Craigellachie 2008 / 2017 Single Cask Seasons Spring 2019;9,90;Preisgruppe 3;4;802;
2085;Craigellachie 2008 / 2019 Signatory 10 Jahre  Cask Strength by Kirsch;9,90;Preisgruppe 3;2;510;
1973;Cutty Sark;6,90;Preisgruppe 1;2;508;
2901;Dailuaine 1997 / 2013 16 Jahre Signatory Vintage;9,90;Preisgruppe 3;3;556;
3187;Dailuaine 2010 / 2020 10 Jahre MoS20030 Malts of Scotland;9,90;Preisgruppe 3;4;805;
;Dalmore Vintage 15 Jahre 2001 / 2016;18,90;Preisgruppe 7;6;587;
2764;Deanston 12 Jahre 2007/2020 Sherry Cask Signatory Vintage;14,50;Preisgruppe 5;3;554;
2763;Deanston 2006 Fino Cask Finish;14,50;Preisgruppe 5;3;552;
2897;Deanston 2008 Brandy Cask Finish;9,90;Preisgruppe 3;3;550;
3339;Deanston 2008 Oloroso Cask Matured Limited Release;14,50;Preisgruppe 5;4;804;
1777;Deerstalker 12 Jahre Single Malt;8,90;Preisgruppe 2;3;551;
2899;Dewar's 12 Jahre Double Aged;8,90;Preisgruppe 2;3;553;
1324;Dimple 15 Jahre;9,90;Preisgruppe 3;4;806;
2888;Double Barrel Bowmore / Ledaig Douglas Laing;9,90;Preisgruppe 3;3;555;
1817;Edradour Ballechin 2007 / 2017 Winter Single Cask Seasons;12,50;Preisgruppe 4;4;807;"""Signatory Vintage"" on the label"
;Edradour Vintage 10 Jahre, Ibisco Bourbon 2010/2020;14,50;Preisgruppe 5;20;363;"merged from ""sample_registry"""
2742;Edradour Vintage 19 Jahre 1999 / 2019 Bordeaux Cask Finish limitiert;22,90;Preisgruppe 8;3;557;
3050;Elements of Islay Ar8;22,90;Preisgruppe 8;4;809;
2183;Elements of Islay Br6;18,90;Preisgruppe 7;3;547;
3044;Elements of Islay Cl8;12,50;Preisgruppe 4;4;808;
3045;Elements of Islay Lp5;16,50;Preisgruppe 6;4;810;
747;Elements of Islay Ma2;14,50;Preisgruppe 5;3;549;
3048;Elements of Islay Pl3;22,90;Preisgruppe 8;4;812;
3378;Evan Williams 1783 Small Batch;8,90;Preisgruppe 2;16;744;
1697;Floki Icelandic Young Malt;12,50;Preisgruppe 4;4;811;
3381;Glen Breton Rare 19 Jahre;12,50;Preisgruppe 4;20;359;"merged from ""sample_registry"""
2953;Glen Els 5 Jahre 2016 Passe CS;12,50;Preisgruppe 4;6;584;
2963;Glen Grant Pure Malt Scotch Whisky;6,90;Preisgruppe 1;7;779;
1696;Glen Moray 10 Jahre Berry Bros Rudd, Caroni Rum Cask Finish;12,50;Preisgruppe 4;6;581;
1788;Glen Ord C&S Dram Collection 5 Jahre  2012 / 2018;9,90;Preisgruppe 3;6;579;
;Glen Scotia #715;12,50;Preisgruppe 4;7;787;
2059;Glen Spey 2007 / 2019 Single Cask Seasons Spring 2019;9,90;Preisgruppe 3;7;785;
3338;GlenAllachie 11 Jahre Pedro Ximenez Sherry Wood Finish;9,90;Preisgruppe 3;5;814;
2494;GlenAllachie 12 Jahre Madeira Wood Finish;9,90;Preisgruppe 3;3;548;
3363;GlenAllachie 12 Jahre Marsala Wood Finish Germany exclusive;9,90;Preisgruppe 3;5;813;
2109;GlenAllachie 12 Jahre PX Pedro Ximenez Finish GlenAllachie Wood Finishes;9,90;Preisgruppe 3;3;544;
3335;GlenAllachie 13 Jahre Madeira Wood Finish;12,50;Preisgruppe 4;5;816;
1723;Glenallachie 2005 / 2018 13 Jahre Single Cask 16911 Bourbon Barrel;12,50;Preisgruppe 4;5;815;
2932;GlenAllachie 2007 / 2019 Single Cask 3774 Madeira Hogshead;12,50;Preisgruppe 4;5;818;"""Single Cask 8774"" on the label"
2933;GlenAllachie 2007 / 2019 Single Cask 4573 Oloroso Puncheon;14,50;Preisgruppe 5;3;545;
2946;Glenallachie 2008 / 2016 Single Cask Seasons Summer 2016;9,90;Preisgruppe 3;5;817;
2931;GlenAllachie 2008 / 2019 Single Cask 4419 Rioja Red Wine Barrel;12,50;Preisgruppe 4;3;543;
2744;Glenburgie 10 Jahre Gordon & MacPhail;8,90;Preisgruppe 2;6;577;
2906;Glenburgie 1983 / 2013 29 Jahre Signatory CS;22,90;Preisgruppe 8;6;583;
2950;Glenburgie 2002 / 2017 14 Jahre Gordon & MacPhail Whisky Hort;12,50;Preisgruppe 4;6;575;
2949;Glenburgie 2007 / 2015 8 Jahre Hepburn's Choice;8,90;Preisgruppe 2;6;576;
2907;Glencraig 1976 / 2013 36 Jahre Signatory CS;35,90;Preisgruppe 11;6;582;
;Glendalough 13 Jahre;16,50;Preisgruppe 6;7;782;
2777;Glendullan 2001 / 2014 Gordon & MacPhail Connoisseurs Choice;9,90;Preisgruppe 3;5;826;"""Gledullan"" on the label"
2959;Glenfarclas 2000 / 2015 Premium Edition;12,50;Preisgruppe 4;6;588;
2957;Glenfarclas Sonderedition No.22 Thomas Reid Vintage 1988 / 2018;18,90;Preisgruppe 7;6;580;
2962;Glenfiddich Special Old Reserve Pure Malt;8,90;Preisgruppe 2;7;780;
2909;Glenglassaugh 1979 / 2013 34 Jahre Signatory CS;35,90;Preisgruppe 11;32;592;
2172;Glengoyne Cask Strength Batch 006;9,90;Preisgruppe 3;6;586;
2911;Glenlivet 1997 / 2014 16 Jahre Signatory CS;14,50;Preisgruppe 5;32;601;
2967;Glenlivet Vintage 2007 Sherry Cask Small Batch Edition #3 Signatory;9,90;Preisgruppe 3;31;449;
3230;Glenlossie 2008 / 2020 Signatory Mash Tun Sonderabfüllung, limitiert;14,50;Preisgruppe 5;7;781;
2793;Glenrothes 11 Jahre Gordon & MacPhail Discovery;9,90;Preisgruppe 3;7;788;
1906;Glenrothes Select Reserve;8,90;Preisgruppe 2;7;783;
2575;Glentauchers 11 Jahre 2008 / 2020 Signatory Vintage Cask Strength for Kirsch;14,50;Preisgruppe 5;7;786;
2974;Glentauchers 1991 / 2009 Gordon & MacPhail;14,50;Preisgruppe 5;7;784;
2787;Glentauchers 8 Jahre Sansibar;12,50;Preisgruppe 4;?;;same as 642
4;Glm. All.;14,50;Preisgruppe 5;29;684;
6;Glm. Ast.;14,50;Preisgruppe 5;29;688;
3;Glm. Cell.;18,90;Preisgruppe 7;29;682;
2;Glm. Comp.;18,90;Preisgruppe 7;29;680;
1;Glm. Sp.;14,50;Preisgruppe 5;29;678;
2980;Hazelburn 10 Jahre;8,90;Preisgruppe 2;7;790;
1790;Highland Park 2004/2017 Single Cask 6687;22,90;Preisgruppe 8;7;794;
2841;Highland Park Ice Edition 17 Jahre;29,90;Preisgruppe 10;13;840;
1890;Highland Park Leif Eriksson Release;12,50;Preisgruppe 4;7;792;
1388;Highland Park Sigurd Warrior Series;16,50;Preisgruppe 6;7;789;
2983;House of Peers Blended Malt;6,90;Preisgruppe 1;8;774;
2982;Hudson 2014 Manhattan Rye;12,50;Preisgruppe 4;8;768;
2986;Imperial 1996 / 2015 Gordon & MacPhail;14,50;Preisgruppe 5;8;772;
2923;Inchgower 1978 / 2012 33 Jahre Signatory CS;29,90;Preisgruppe 10;5;822;
2989;Inchgower 1997 / 2011 Gordon & MacPhail Connoisseurs Choice;12,50;Preisgruppe 4;31;446;There is a second of it? See 765
799;Inchmurrin 18 Jahre;12,50;Preisgruppe 4;8;763;
2922;Inchmurrin 1993 / 2014 21 Jahre Signatory CS;22,90;Preisgruppe 8;5;824;
2990;Inchmurrin 1996 / 2014 17 Jahre Signatory Vintage;9,90;Preisgruppe 3;7;795;
2991;Inchmurrin Manzanilla Cask 2009 / 2017 Limitiert Single Cask;9,90;Preisgruppe 3;7;793;
2992;Islay 8 Jahre Sansibar;12,50;Preisgruppe 4;8;762;
1204;Jura 21 Jahre;14,50;Preisgruppe 5;8;767;
708;Jura 22 Jahre One For The Road;18,90;Preisgruppe 7;8;766;
2993;Jura 8 Jahre Hepburn's Choice;9,90;Preisgruppe 3;8;764;
710;Jura Tastival 2014;16,50;Preisgruppe 6;8;775;
2994;Jura Tastival 2016;16,50;Preisgruppe 6;8;769;
2999;Kilchoman 2008 / 2015 Vintage;12,50;Preisgruppe 4;8;773;
2998;Kilchoman Spring 2011 Release;16,50;Preisgruppe 6;8;770;
;Kinahans;8,90;Preisgruppe 2;8;771;
;Langatun Old Bear 2008/2013;9,90;Preisgruppe 3;11;381;"merged from ""sample_registry"""
3006;Ledaig 2007/2020 Signatory Vintage Cuvée #1;14,50;Preisgruppe 5;8;778;
3300;Ledaig 2007/2020 Signatory Vintage Cuvée #4;14,50;Preisgruppe 5;8;777;
2734;Ledaig 2011 /2020 Signatory Vintage Cuvée #2;12,50;Preisgruppe 4;8;776;
2735;Ledaig 2011/2020 Signatory Vintage Cuvée #6;12,50;Preisgruppe 4;9;624;
3472;Linkwood 12 Jahre 2009 / 2022 Signatory Un-Chillfiltered Collection;9,90;Preisgruppe 3;28;537;
;Linkwood 13 Jahre 2006 / 2020 Signatory;14,50;Preisgruppe 5;9;625;
2372;Local Dealer Selection Edradour 2011 / 2019 Signatory;12,50;Preisgruppe 4;5;820;
1730;Local Dealer Selection Port Dundas 1991 27 Jahre Signatory;14,50;Preisgruppe 5;9;618;
3368;Locke's 8 Jahre;6,90;Preisgruppe 1;11;387;"merged from ""sample_registry"""
3009;Longmorn 16 Jahre Sansibar;12,50;Preisgruppe 4;9;620;
1871;Longmorn 19 Jahre 1996 / 2015 CS Signatory;14,50;Preisgruppe 5;6;591;
;Lot 40 Rye Whiskey;8,90;Preisgruppe 2;20;358;"merged from ""sample_registry"""
1271;Macallan Quest;12,50;Preisgruppe 4;9;622;
2927;MacDuff 16 Jahre 1995 / 2012 Signatory CS;14,50;Preisgruppe 5;5;829;
3018;MacDuff 16 Jahre 1997 / 2014 Signatory UC;9,90;Preisgruppe 3;9;621;
3231;MacDuff 2009 / 2021 Summer 2021 Single Cask Seasons;12,50;Preisgruppe 4;11;378;"merged from ""sample_registry"""
3020;Mackmyra Intelligens AI:01;9,90;Preisgruppe 3;9;611;
3019;Mackmyra Special 02 Jubileumsutgavan Till Sommaren 2009;12,50;Preisgruppe 4;9;613;
1261;Mackmyra Special 07 Hope Autumn 2011;8,90;Preisgruppe 2;9;614;
2160;Maker's Mark CS;9,90;Preisgruppe 3;16;743;
3285;Malts of Scotland Images of Ayrshire Burton Railway Viaduct;9,90;Preisgruppe 3;12;755;
2985;Malts of Scotland Images of Dufftown Balvenie St. Ice Cream Dufftown;14,50;Preisgruppe 5;12;756;
3489;Malts of Scotland Images of Islay Bridge of River Laggan;12,50;Preisgruppe 4;12;758;
3250;Malts of Scotland Images of Speyside Hall at Ballindalloch;9,90;Preisgruppe 3;12;757;
3336;Map of Islay Islay Single Malt Whisky;8,90;Preisgruppe 2;11;384;"merged from ""sample_registry"""
3084;Mars II 2007 / 2020 Scotch Universe;12,50;Preisgruppe 4;11;377;"merged from ""sample_registry"""
3023;Milford Willowbank 20 Jahre;14,50;Preisgruppe 5;9;612;
3024;Millstone 6 Jahre 2008 / 2015 Sherry Cask;9,90;Preisgruppe 3;11;386;"merged from ""sample_registry"""
2729;MOS  Lochindaal 2007 / 2019 Malts of Scotland MoS 19016;16,50;Preisgruppe 6;9;623;
3080;MOS Tomatin 1997 / 2019 Red Wine Hogshead Malts of Scotland limitiert;14,50;Preisgruppe 5;12;751;
2831;Motörhead Whisky Limited Edition!;12,50;Preisgruppe 4;11;382;"merged from ""sample_registry"""
3031;Nikka Coffey Grain;9,90;Preisgruppe 3;9;609;
3030;Nikka Pure Malt White;9,90;Preisgruppe 3;9;610;
;Old Fitzgerald 12 Jahre;9,90;Preisgruppe 3;11;372;"merged from ""sample_registry"""
3034;Port Askaig 10 Jahre 10th Anniversary;9,90;Preisgruppe 3;11;385;"merged from ""sample_registry"""
3035;Port Askaig 11 Jahre 2008 / 2019 Single Solera Sherry Butt;12,50;Preisgruppe 4;9;615;
2736;Port Askaig 12 Jahre 2007 / 2020 Spring Edition limitiert;9,90;Preisgruppe 3;9;616;
1860;Port Askaig 15 Jahre Sherry Cask;14,50;Preisgruppe 5;9;617;
2852;Prime Blue Bowmore;9,90;Preisgruppe 3;6;589;
2838;Prometheus 1988 28 Jahre;79,90;Preisgruppe 14;13;838;
1858;Rock Oyster Douglas Laing;8,90;Preisgruppe 2;11;375;"merged from ""sample_registry"""
3379;Sazerac Rye;12,50;Preisgruppe 4;20;366;"merged from ""sample_registry"""
1786;Scapa 2005 / 2019  GM New Range;9,90;Preisgruppe 3;9;619;
3374;Sea Shepherd Navy Strength Islay Single Malt Whisky;9,90;Preisgruppe 3;11;383;"merged from ""sample_registry"""
1278;Slyrs 12 Jahre 2005 / 2017;14,50;Preisgruppe 5;11;376;"merged from ""sample_registry"""
;Smoky Goat;6,90;Preisgruppe 1;11;374;"merged from ""sample_registry"""
;St. Andrews;6,90;Preisgruppe 1;11;380;"merged from ""sample_registry"""
3027;"St. Kilian Bud Spencer ""The Legend"" Single Malt";8,90;Preisgruppe 2;12;746;
2812;St. Kilian Four;9,90;Preisgruppe 3;11;371;"merged from ""sample_registry"""
3369;St. Kilian Six;9,90;Preisgruppe 3;11;379;"merged from ""sample_registry"""
3380;Stagg Jr. Barrel Proof;29,90;Preisgruppe 10;17;660;
2846;Strathisla 1970 / 2014 Gordon & Mac Phail;99,00;Preisgruppe 15;13;841;
;Sulivan´s Cove American Oak Cask;16,50;Preisgruppe 6;12;745;
3074;Teaninich 8 Jahre 2006 / 2014 Gordon & MacPhail;9,90;Preisgruppe 3;12;754;
1455;The Singleton of Dufftown 15 Jahre;8,90;Preisgruppe 2;5;825;
1162;The Singleton of Dufftown Spey Cascade;6,90;Preisgruppe 1;5;828;
2902;The Singleton of Dufftown Tailfire;8,90;Preisgruppe 2;5;823;
3070;The Temple Bar 14 Malbec Cask;14,50;Preisgruppe 5;12;747;
3069;The Temple Bar 15 Jahre;12,50;Preisgruppe 4;12;748;
1694;Tobermory 12 Jahre Fino Casks Collectors;18,90;Preisgruppe 7;12;749;"""Fino Sherry Cask Finish"" on the label"
2388;Tobermory 19 Jahre Marsala Cask Finish Limited Edition;18,90;Preisgruppe 7;12;750;
3071;Tomatin 12 Jahre Sherry;8,90;Preisgruppe 2;12;752;
1831;Tomintoul 16 Jahre;9,90;Preisgruppe 3;12;753;
2930;Tormore 28 Jahre 1988 / 2017 Signatory CS;16,50;Preisgruppe 6;6;585;
1827;Tullibardine 18 Jahre 1993 / 2011 Gordon & MacPhail;16,50;Preisgruppe 6;12;760;"""Vintage 1993"" on the label"
1319;Tyrconnell 16 Jahre;12,50;Preisgruppe 4;13;834;
2916;Waterford Single Farm Origin Ballymorgan 1.2;12,50;Preisgruppe 4;13;836;
2915;Waterford Single Farm Origin Sheestown 1.2;12,50;Preisgruppe 4;13;839;
1395;West Cork 12 Jahre Rum Cask;8,90;Preisgruppe 2;13;835;
;Willowburn 2010/2020 Px;16,50;Preisgruppe 6;13;832;"""2014/2020 PX Sherry Octave Cask (Elsburn)"" on the label"
3082;Wolfburn 2015 / 2019 Vibrant Stills Limitiert;12,50;Preisgruppe 4;12;759;
3083;Wolfburn No. 155 Small Batch;9,90;Preisgruppe 3;13;833;
2789;Wolfburn No. 204;9,90;Preisgruppe 3;13;831;
2071;Wolfburn No. 375;9,90;Preisgruppe 3;13;830;
1823;Wolfburn No.128 Small Batch;9,90;Preisgruppe 3;12;761;
46;C.R. Miz.;9,90;Preisgruppe 3;33;896;"""C.R. 12"" on the label"
40;F.R.;6,90;Preisgruppe 1;33;905;
35;Gl. 12;8,90;Preisgruppe 2;33;893;
36;Gl. Nad. Ol.1015;9,90;Preisgruppe 3;33;895;
43;Jms. Sig.;8,90;Preisgruppe 2;33;908;
39;JPW. 10 TB;6,90;Preisgruppe 1;33;901;
38;JPW. 18;9,90;Preisgruppe 3;33;899;
41;Mdlt. VR 2012;16,50;Preisgruppe 6;33;907;
42;Pws. 12 GL;9,90;Preisgruppe 3;33;903;
45;Stra. 12;8,90;Preisgruppe 2;33;894;
37;Trm. 12;8,90;Preisgruppe 2;33;897;
;Raritäten-Armorik 2005, Breton Oak;12,50;Preisgruppe 4;3;546;
;Raritäten-Armorik 2007, Chardonnay;12,50;Preisgruppe 4;3;542;
;1770 Glasgow Limited Edition Release peated;12,50;Preisgruppe 4;32;597;
;1770 Glasgow Single Malt Scotch Whisky The Original;9,90;Preisgruppe 3;18;399;"merged from ""sample_registry"""
;1770 Glasgow peated;9,90;Preisgruppe 3;20;364;"merged from ""sample_registry"""
2848;1770 Glasgow Single Malt Scotch Whisky The Original;9,90;Preisgruppe 3;31;454;
16;A. 10;8,90;Preisgruppe 2;29;689;
10;A. AO;9,90;Preisgruppe 3;29;677;
17;A. CV;12,50;Preisgruppe 4;30;456;
14;A. Sco.;16,50;Preisgruppe 6;29;685;
13;A. Ugd.;12,50;Preisgruppe 4;29;683;
11;A. WB 5;8,90;Preisgruppe 2;29;679;
22;Ab.10;8,90;Preisgruppe 2;30;463;
25;Ab.16;9,90;Preisgruppe 3;30;469;
26;Ab.18;16,50;Preisgruppe 6;30;471;
23;Ab.DC 12;8,90;Preisgruppe 2;30;465;
24;Ab.NCF 12;8,90;Preisgruppe 2;30;467;
3;Aberfeldy 12 Jahre;8,90;Preisgruppe 2;13;843;
2765;Aberfeldy 16 Jahre;9,90;Preisgruppe 3;13;842;
2134;Amrut Fusion;9,90;Preisgruppe 3;22;878;
2133;Amrut Original;8,90;Preisgruppe 2;26;716;
;Amrut Peated;9,90;Preisgruppe 3;31;442;
;Amrut Peated Cask Strength;12,50;Preisgruppe 4;31;444;
32;AnCnoc 12 Jahre;8,90;Preisgruppe 2;28;538;
;Ardmore 11 Jahre 2010 / 2021 Duncan Taylor Private Cask Bottling;12,50;Preisgruppe 4;32;596;
43;Ardmore Legacy;6,90;Preisgruppe 1;13;846;"""Ardmore Tradition"" on the label"
46;Ardmore Port Wood Finish 12 Jahre;9,90;Preisgruppe 3;31;439;
49;Ardmore Traditional Peated;6,90;Preisgruppe 1;32;598;
234;Arran 10 Jahre;8,90;Preisgruppe 2;14;710;
14;Arran Quarter Cask The Bothy;8,90;Preisgruppe 2;14;709;
269;Arran Robert Burns;6,90;Preisgruppe 1;14;707;blended
67;Arran Robert Burns Single Malt;8,90;Preisgruppe 2;14;708;single malt
70;Arran Sauternes Cask Finish;9,90;Preisgruppe 3;14;704;
;Arran Sherry Cask The Bodega;9,90;Preisgruppe 3;32;608;
76;Auchentoshan 12 Jahre;8,90;Preisgruppe 2;31;441;
;Auchentoshan 12 Jahre 2007 / 2020 Signatory Vintage Samurai Series;29,90;Preisgruppe 10;35;916;
82;Auchentoshan American Oak;8,90;Preisgruppe 2;13;845;
88;Auchentoshan Three Wood;9,90;Preisgruppe 3;13;844;
100;Auchroisk 10 Jahre Flora & Fauna;9,90;Preisgruppe 3;14;706;
2767;Aultmore 12 Of The Foggie Moss;8,90;Preisgruppe 2;14;705;
2135;Bain's Cape Mountain Single Grain;8,90;Preisgruppe 2;22;880;
3193;Balblair 12 Jahre;8,90;Preisgruppe 2;14;702;
106;Balvenie 12 Jahre Double Wood;9,90;Preisgruppe 3;14;697;
3301;Balvenie 12 Jahre The Sweet Toast of American Oak;9,90;Preisgruppe 3;14;703;
;Balvenie 14 Jahre Peat Week;12,50;Preisgruppe 4;35;920;
2768;Balvenie 14 Jahre Caribbean Cask;9,90;Preisgruppe 3;14;701;
121;Balvenie 21 Jahre Port Wood;22,90;Preisgruppe 8;14;700;
;Basil Hayden´s;9,90;Preisgruppe 3;16;740;"""80 Proof"" on the label"
3365;Bell's Original;6,90;Preisgruppe 1;14;699;
;Ben Nevis 10 Jahre Edit. 2021;9,90;Preisgruppe 3;26;727;
;Ben Nevis 8 Jahre 2013 / 2022 Signatory Small Batch Edition #11;12,50;Preisgruppe 4;35;918;
;Ben Nevis Coire Leis;9,90;Preisgruppe 3;26;720;
1335;BenRiach Heart of Speyside;8,90;Preisgruppe 2;14;698;
3280;Benrinnes 15 Jahre Flora und Fauna;12,50;Preisgruppe 4;14;696;
154;Benromach 10 Jahre;8,90;Preisgruppe 2;14;694;
;Black Bottle;6,90;Preisgruppe 1;15;429;"merged from ""sample_registry"""
2759;Black Bull Kyloe;6,90;Preisgruppe 1;14;695;
;Black Forest Wild Whisky;9,90;Preisgruppe 3;25;854;
;Bladnoch Vibrant Stills 2007 / 2022 Single Cask for Germany;18,90;Preisgruppe 7;35;919;
33;Blt.;6,90;Preisgruppe 1;30;470;
163;Bowmore 12 Jahre;8,90;Preisgruppe 2;15;435;"merged from ""sample_registry"""
1383;Bowmore 15 Jahre;9,90;Preisgruppe 3;15;426;"merged from ""sample_registry"""
1592;Bowmore 25 Jahre;35,90;Preisgruppe 11;15;434;"merged from ""sample_registry"""
1082;Bowmore No.1;8,90;Preisgruppe 2;15;427;"merged from ""sample_registry"""
3249;Bruichladdich Bere Barley 2011;12,50;Preisgruppe 4;15;423;"merged from ""sample_registry"""
3461;Bruichladdich Islay Barley 2013;9,90;Preisgruppe 3;15;431;"merged from ""sample_registry"""
;Bruichladdich Laddie Crew Vintage 2006, 11 Jahre Oloroso;14,50;Preisgruppe 5;16;731;
;Bruichladdich Laddie Crew Vintage 2006, Bourbon Cask No 19;14,50;Preisgruppe 5;16;733;check the label
;Bruichladdich MP 2007, Bourbon/ Premier Cru Wine;16,50;Preisgruppe 6;20;368;"merged from ""sample_registry"""
;Bruichladdich MP 2007, French Oak 014;16,50;Preisgruppe 6;20;370;"merged from ""sample_registry"""
;Bruichladdich MP 2010, Banyuls 0448;16,50;Preisgruppe 6;19;485;
;Bruichladdich MP 2010, Ribeira del Duero 1255;16,50;Preisgruppe 6;19;483;
;Bruichladdich MP 2010, Syrah 0498;16,50;Preisgruppe 6;19;487;
;Bruichladdich MP Bourbon/ Sauternes 2017;12,50;Preisgruppe 4;16;737;"""The Laddie Crew 2017"" on the label"
;Bruichladdich MP Chenin Blanc Wine Cask 2486;14,50;Preisgruppe 5;16;739;"""Laddie Crew"" on the label"
;Bruichladdich MP First Fill Bourbon 2017;9,90;Preisgruppe 3;16;735;"""The Laddie Crew 2017"" on the label"
3291;Bruichladdich Octomore 12.2 Edition;18,90;Preisgruppe 7;23;631;
3248;Bruichladdich Port Charlotte Islay Barley 2013;9,90;Preisgruppe 3;23;629;
3097;Bruichladdich Port Charlotte PAC:01 2011;14,50;Preisgruppe 5;31;443;
3517;Bruichladdich Port Charlotte SC:01 2012;16,50;Preisgruppe 6;23;633;
1958;Bruichladdich The Classic Laddie Scottish Barley;8,90;Preisgruppe 2;15;432;"merged from ""sample_registry"""
2216;Bruichladdich The Organic 2010;12,50;Preisgruppe 4;15;422;"merged from ""sample_registry"""
2155;Buffalo Trace;8,90;Preisgruppe 2;16;732;"""Kentucky Straight Bourbon Whisky"" on the label"
1959;Bunnahabhain 12 Jahre;8,90;Preisgruppe 2;15;425;"merged from ""sample_registry"""
;Bunnahabhain 25 Jahre;35,90;Preisgruppe 11;35;909;
;Bunnahabhain 9 Jahre 2012 / 2022 Signatory Vintage CS;16,50;Preisgruppe 6;32;594;
1962;Bunnahabhain Eirigh Na Greine;8,90;Preisgruppe 2;15;424;"merged from ""sample_registry"""
3494;Bunnahabhain Staoisha 7 Jahre 2014 / 2022 Signatory Vintage;9,90;Preisgruppe 3;20;357;"merged from ""sample_registry"""
3393;Bunnahabhain Staoisha Storm-Kelpie Sea Shepherd 7 Jahre 2014 / 2021 Signatory Vintage;9,90;Preisgruppe 3;6;590;
1091;Bunnahabhain Stiuireadair;8,90;Preisgruppe 2;15;433;"merged from ""sample_registry"""
;Bunnahabhain Toiteach A Dha;9,90;Preisgruppe 3;35;912;
;Bushmill´s Steamship Port;9,90;Preisgruppe 3;22;868;
1964;Caol Ila 12 Jahre;9,90;Preisgruppe 3;17;669;
2749;Caol Ila 18 Jahre;18,90;Preisgruppe 7;17;667;
;Caol Ila 9 Jahre 2012/2022;9,90;Preisgruppe 3;26;722;
2750;Caol Ila Moch;9,90;Preisgruppe 3;17;671;
1967;Cardhu 15 Jahre;9,90;Preisgruppe 3;17;664;
1968;Cardhu 18 Jahre;14,50;Preisgruppe 5;23;635;
2816;Chichibu Ichiro's Malt & Grain;12,50;Preisgruppe 4;22;867;
;Clontarf;6,90;Preisgruppe 1;25;851;
;Clontarf Classic Blend;6,90;Preisgruppe 1;28;532;
;Clyelish 14;9,90;Preisgruppe 3;31;453;
3435;Compass Box Glasgow Blend;8,90;Preisgruppe 2;20;365;"merged from ""sample_registry"""
1904;Compass Box Hedonism;12,50;Preisgruppe 4;17;666;
3436;Compass Box Orchard House;8,90;Preisgruppe 2;17;668;
1970;Compass Box Spice Tree;9,90;Preisgruppe 3;17;676;
1312;Compass Box The Peat Monster;8,90;Preisgruppe 2;17;673;
2774;Compass Box The Story of the Spaniard;8,90;Preisgruppe 2;17;675;
;Compass Box Oak Cross;8,90;Preisgruppe 2;24;649;
1119;Connemara Peated Malt;6,90;Preisgruppe 1;28;534;
2873;Cotswolds Ex-Bourbon Cask Spirit;12,50;Preisgruppe 4;10;891;
2874;Cotswolds Ex-Wine Cask Spirit;12,50;Preisgruppe 4;10;890;
2872;Cotswolds New Make Spirit;12,50;Preisgruppe 4;10;887;
1971;Cragganmore 12 Jahre;8,90;Preisgruppe 2;18;404;"merged from ""sample_registry"""
3366;Cragganmore Distiller's Edition 2009 / 2021;9,90;Preisgruppe 3;21;506;
;Craigellachie;9,90;Preisgruppe 3;31;455;
3495;Dailuaine 2012 / 2022 9 Jahre Signatory Vintage;9,90;Preisgruppe 3;31;445;
1977;Dalmore 12 Jahre;9,90;Preisgruppe 3;17;672;
1978;Dalmore 15 Jahre;12,50;Preisgruppe 4;32;607;
1979;Dalmore 18 Jahre;18,90;Preisgruppe 7;17;670;
248;Dalmore Cigar Malt;14,50;Preisgruppe 5;20;356;"merged from ""sample_registry"""
1980;Dalmore King Alexander III;22,90;Preisgruppe 8;31;447;
2741;Dalmore Port Wood Reserve;12,50;Preisgruppe 4;17;674;
1982;Dalwhinnie 15 Jahre;8,90;Preisgruppe 2;18;403;"merged from ""sample_registry"""
2781;Dalwhinnie Distillers Edition 2006 / 2021;9,90;Preisgruppe 3;18;402;"merged from ""sample_registry"""
1987;Deanston 12 Jahre;8,90;Preisgruppe 2;18;396;"merged from ""sample_registry"""
2760;Deanston Virgin Oak;8,90;Preisgruppe 2;20;355;"merged from ""sample_registry"""
2184;Edradour 10 Jahre;8,90;Preisgruppe 2;18;395;"merged from ""sample_registry""; double check with 363 Edradour Vintage 10 Jahre"
;Edradour 10 Jahre Chardonnay Cask Nr. 395 Exklusiv für Kirsch;14,50;Preisgruppe 5;34;931;
;Edradour 10 Jahre Chardonnay Cask Nr. 397 Exklusiv für Kirsch;14,50;Preisgruppe 5;34;930;
1136;Edradour 12 Jahre Caledonia Selection;9,90;Preisgruppe 3;18;394;"merged from ""sample_registry"""
2743;Edradour Ballechin 10 Jahre;9,90;Preisgruppe 3;18;393;"merged from ""sample_registry"""
;Edradour Ballechin SFTC 10 Jahre 2010 / 2021 Bourbon Cask;14,50;Preisgruppe 5;32;605;
;Edradour Ballechin 11 Jahre Bourbon Cask Exklusiv für Kirsch;14,50;Preisgruppe 5;32;603;
;Edradour Ballechin 15 Jahre Small Batch Cask Strength Germany Exclusive;14,50;Preisgruppe 5;35;910;
;Edradour Ballechin 2012 / 2020 Cuvée 8 Jahre;9,90;Preisgruppe 3;35;917;
2182;Elements of Islay Peat;8,90;Preisgruppe 2;18;401;"merged from ""sample_registry"""
2156;Elijah Craig Small Batch;8,90;Preisgruppe 2;16;734;
;ElsBurn 2013 / 2022 Italian Connection Exclusive Edition;14,50;Preisgruppe 5;32;606;
3529;ElsBurn Journey 2022;9,90;Preisgruppe 3;25;856;
3492;ElsBurn Marsala Cask Batch No. 2;12,50;Preisgruppe 4;5;827;
852;Finlaggan Original;6,90;Preisgruppe 1;18;400;"merged from ""sample_registry"""
3352;Glen Elgin 12 Jahre;8,90;Preisgruppe 2;18;390;"merged from ""sample_registry"""
2737;Glen Grant 10 Jahre;8,90;Preisgruppe 2;19;486;
1583;Glen Grant 12 Jahre;8,90;Preisgruppe 2;19;484;
2790;Glen Moray 12 Jahre;8,90;Preisgruppe 2;19;479;
1741;Glen Moray 15 Jahre;8,90;Preisgruppe 2;19;489;
2082;Glen Moray 18 Jahre First Fill American Cask;14,50;Preisgruppe 5;19;481;
;Glen Ord 2008 / 2022 13 Jahre Signatory Vintage Un-Chillfiltered Collection;9,90;Preisgruppe 3;32;602;"""Signatory Vintage CS"" on the label"
2782;Glen Scotia 10 Jahre Peated Limited Edition;8,90;Preisgruppe 2;23;637;
;Glen Scotia Double Cask;8,90;Preisgruppe 2;23;641;
3518;GlenAllachie 10 Jahre Chinquapin Oak Finish Virgin Oak Series;9,90;Preisgruppe 3;21;491;
1798;Glenallachie 12 Jahre;9,90;Preisgruppe 3;20;362;"merged from ""sample_registry"""
;Glenallachie 13 Jahre  2008/2022 SV;16,50;Preisgruppe 6;32;595;"""Signatory Vintage CS"" on the label"
2271;GlenAllachie 15 Jahre;9,90;Preisgruppe 3;18;397;"merged from ""sample_registry"""
3516;GlenAllachie 2011 / 2022 Pedro Xímenez, Madeira & Port Cuvée Cask Kirsch Exclusive;12,50;Preisgruppe 4;18;398;"merged from ""sample_registry"""
;Glenallachie 8 Jahre;8,90;Preisgruppe 2;20;354;"merged from ""sample_registry"""
2757;Glencadam 10 Jahre;8,90;Preisgruppe 2;18;391;"merged from ""sample_registry"""
2756;Glencadam 15 Jahre;12,50;Preisgruppe 4;18;392;"merged from ""sample_registry"""
;Glencadam American Oak Reserve;8,90;Preisgruppe 2;31;452;
;Glendronach 12;8,90;Preisgruppe 2;32;593;
1178;Glenfarclas 10 Jahre;8,90;Preisgruppe 2;18;389;"merged from ""sample_registry"""
1743;Glenfarclas 105 cask strength 60% vol.;9,90;Preisgruppe 3;19;474;
1350;Glenfarclas 12 Jahre;8,90;Preisgruppe 2;18;388;"merged from ""sample_registry"""
1914;Glenfarclas 15 Jahre;9,90;Preisgruppe 3;21;490;
1354;Glenfarclas 21 Jahre;14,50;Preisgruppe 5;6;578;
2092;Glenfarclas 25 Jahre;18,90;Preisgruppe 7;21;492;
2091;Glenfarclas 8 Jahre;8,90;Preisgruppe 2;21;493;
2758;Glenfarclas Heritage;6,90;Preisgruppe 1;21;495;
2100;Glenfiddich 12 Jahre Signature Reserve;8,90;Preisgruppe 2;19;476;
2099;Glenfiddich 15 Jahre Solera;8,90;Preisgruppe 2;19;473;
2098;Glenfiddich 18 Jahre Small Batch Reserve;12,50;Preisgruppe 4;19;475;
2083;Glenfiddich Fire & Cane No.4 der Experimental Serie;9,90;Preisgruppe 3;19;478;
2094;Glenfiddich IPA;9,90;Preisgruppe 3;19;477;
;Glenfiddich New Make Spirit;8,90;Preisgruppe 2;10;883;
2093;Glenfiddich Project XX;9,90;Preisgruppe 3;19;480;
2739;Glenglassaugh Evolution;8,90;Preisgruppe 2;21;497;
;Glengoyne 10 Jahre;9,90;Preisgruppe 3;19;482;
1910;Glengoyne 21 Jahre;18,90;Preisgruppe 7;21;494;
1909;Glenkinchie 12 Jahre;8,90;Preisgruppe 2;21;499;
3410;Glenkinchie Distiller's Edition Amontillado Sherry Finish 2009 / 2021;9,90;Preisgruppe 3;21;496;
1907;Glenlossie 10 Jahre Flora & Fauna;9,90;Preisgruppe 3;21;488;
2110;Glenrothes 12 Jahre;8,90;Preisgruppe 2;19;;does not exist, did not arrive
2111;Glenrothes Whisky Maker's Cut;12,50;Preisgruppe 4;23;639;
;Glentauchers 8 Jahre Sansibar;12,50;Preisgruppe 4;23;642;
5;Glm. 10;8,90;Preisgruppe 2;29;686;
7;Glm. Las.;9,90;Preisgruppe 3;29;690;
8;Glm. Nec.;9,90;Preisgruppe 3;29;692;
9;Glm. QR;9,90;Preisgruppe 3;29;693;
34;Grn. Sp.;9,90;Preisgruppe 3;30;472;
2144;Hibiki Harmony;14,50;Preisgruppe 5;7;791;
1896;Highland Park 12 Jahre;8,90;Preisgruppe 2;23;626;
2102;Highland Park 16 Jahre Twisted Tattoo;12,50;Preisgruppe 4;26;726;
1895;Highland Park 18 Jahre;18,90;Preisgruppe 7;26;724;
;Highland Park Cask strength Release No. 2;12,50;Preisgruppe 4;26;711;
1889;Highland Park Harald;9,90;Preisgruppe 3;23;627;
2835;Hyde No.5 Burgundy Cask Limited Edition;8,90;Preisgruppe 2;22;866;
;Hyde No.7;8,90;Preisgruppe 2;25;853;
3271;Islay Reserve Berry Bros & Rudd Classic Range;8,90;Preisgruppe 2;15;437;"merged from ""sample_registry"""
3312;Isle of Raasay Single Malt Whisky Core Release Batch R-01.1;9,90;Preisgruppe 3;28;535;
2824;Jack Daniels Single Barrel 100 Proof;9,90;Preisgruppe 3;16;736;
1416;Jack Daniels Single Barrel Barrel Strength;14,50;Preisgruppe 5;16;738;
3377;Jack Daniel's Single Barrel Select;8,90;Preisgruppe 2;20;367;"merged from ""sample_registry"""
;James Sedgwick Distillery,  Bain´s 3 Jahre;8,90;Preisgruppe 2;10;885;
;James Sedgwick Distillery, Grain 3 Jahre;8,90;Preisgruppe 2;10;889;
;James Sedgwick Distillery, UNM Grain;6,90;Preisgruppe 1;10;888;
32;Jms.;6,90;Preisgruppe 1;30;468;
1359;Johnnie Walker Gold Label Reserve;8,90;Preisgruppe 2;24;651;
698;Johnnie Walker Green Label 15 Jahre;9,90;Preisgruppe 3;24;643;
1509;Jura 10 Jahre neues Design;8,90;Preisgruppe 2;23;640;
1497;Jura 12 Jahre;8,90;Preisgruppe 2;23;638;
1500;Jura 18 Jahre;12,50;Preisgruppe 4;23;636;
1503;Jura Journey;8,90;Preisgruppe 2;23;634;
1506;Jura Seven Wood;9,90;Preisgruppe 3;23;630;
2577;Jura The Road;8,90;Preisgruppe 2;23;632;
1330;Kilbeggan Irish Whiskey;6,90;Preisgruppe 1;22;870;
716;Kilchoman Machir Bay;8,90;Preisgruppe 2;24;644;
;Kilchoman New Make Spirit;9,90;Preisgruppe 3;10;882;
;Kilchoman Sanaig very dark;9,90;Preisgruppe 3;24;646;
;Kingsbarns Balcomie Sherry Matured;9,90;Preisgruppe 3;34;929;
;Kingsbarns Distillery Reserve 2021 STR;12,50;Preisgruppe 4;34;927;
2057;Kingsbarns Dream to Dram;8,90;Preisgruppe 2;24;648;
;Knob Creek patiently aged;8,90;Preisgruppe 2;16;742;
1219;Knockando 12 Jahre;8,90;Preisgruppe 2;24;650;
1222;Knockando 18 Jahre Slow Matured;9,90;Preisgruppe 3;24;652;"""Knockado 18"" on the label"
;Lagavulin 16;12,50;Preisgruppe 4;21;498;
1886;Lagavulin 8 Jahre;9,90;Preisgruppe 3;24;654;
1882;Laphroaig 10 Jahre;8,90;Preisgruppe 2;24;656;
1880;Laphroaig Lore;14,50;Preisgruppe 5;24;658;
1876;Laphroaig Quarter Cask;8,90;Preisgruppe 2;24;657;
1875;Laphroaig Select;8,90;Preisgruppe 2;24;659;
;Ledaig 10 Jahre;9,90;Preisgruppe 3;34;926;
;Ledaig 16 Jahre 2005 / 2022 Signatory CS;35,90;Preisgruppe 11;35;914;
1365;Loch Lomond 18 Jahre;9,90;Preisgruppe 3;28;530;
3490;Macallan 15 Jahre Double Cask;16,50;Preisgruppe 6;28;529;
;Macallan 18 Jahre Double Cask;35,90;Preisgruppe 11;35;911;
2159;Maker's Mark;6,90;Preisgruppe 1;28;540;
3284;Malts of Scotland Images of Islay St Kiaran's Church;12,50;Preisgruppe 4;26;715;
3491;Mannochmore 2008 / 2022 Signatory Vintage;8,90;Preisgruppe 2;28;527;
;Mars Asagi Madara 8 Jahre Limited Edition 2020;14,50;Preisgruppe 5;34;924;
3409;Michter's US 1 Small Batch Kentucky Straight Bourbon;9,90;Preisgruppe 3;17;661;
1435;Miltonduff 10 Discovery Gordon MacPhail;9,90;Preisgruppe 3;28;525;
1032;Monkey Shoulder;6,90;Preisgruppe 1;31;451;
;Mr. Peat;8,90;Preisgruppe 2;25;857;
;Nc'Nean Huntress 2022;16,50;Preisgruppe 6;34;925;
3511;Nc'Nean Organic Single Malt Whisky Batch 14;9,90;Preisgruppe 3;21;505;
2145;Nikka 12 Jahre;16,50;Preisgruppe 6;21;504;
;Nikka from the Barrel CS;9,90;Preisgruppe 3;31;450;
;Nikka Miyagikyo;12,50;Preisgruppe 4;31;448;
3340;Nikka Taketsuru Pure Malt 2020 Release;9,90;Preisgruppe 3;22;865;
2784;Nomad Outland Whisky;8,90;Preisgruppe 2;28;539;
1865;Oban 14 Jahre;9,90;Preisgruppe 3;25;862;
3411;Oban Distiller's Edition 2007 / 2021;12,50;Preisgruppe 4;25;860;
;Octomore X4+10;39,90;Preisgruppe 12;10;886;
1862;Old Pulteney 12 Jahre;8,90;Preisgruppe 2;27;413;"merged from ""sample_registry"""
27;Pdy. ;6,90;Preisgruppe 1;30;458;
3272;Peated Cask Matured Berry Bros & Rudd Classic Range;8,90;Preisgruppe 2;15;436;"merged from ""sample_registry"""
1863;Peat's Beast CS;8,90;Preisgruppe 2;27;414;"merged from ""sample_registry"""
1038;Peat's Beast Peated Single Malt;8,90;Preisgruppe 2;27;415;"merged from ""sample_registry"""
2137;Penderyn Legend;8,90;Preisgruppe 2;22;876;
2139;Penderyn Madeira Finish;8,90;Preisgruppe 2;22;874;
2140;Penderyn Peated;8,90;Preisgruppe 2;26;712;
2138;Penderyn Portwood;9,90;Preisgruppe 3;26;714;
;Pluto I 2010 / 2020 Scotch Universe;12,50;Preisgruppe 4;35;915;
;Pulteney 12 Jahre 2008 / 2021 Signatory CS;16,50;Preisgruppe 6;34;928;
30;Rbr. 12;9,90;Preisgruppe 3;30;464;
31;Rbr. 15;12,50;Preisgruppe 4;30;466;
29;Rbr. 21;18,90;Preisgruppe 7;30;462;
28;Rbr. Lu.;9,90;Preisgruppe 3;30;460;
2127;Roe & Co;8,90;Preisgruppe 2;22;872;
44;Scp. Sk.;9,90;Preisgruppe 3;33;892;
3498;Sea Shepherd Islay Single Malt Whisky;8,90;Preisgruppe 2;28;528;
3273;Sherry Cask Matured Berry Bros & Rudd Classic Range;8,90;Preisgruppe 2;15;428;"merged from ""sample_registry"""
2119;Slyrs Classic;9,90;Preisgruppe 3;22;875;
;Slyrs Marsala Fass;12,50;Preisgruppe 4;31;440;
;Slyrs Port Fass;9,90;Preisgruppe 3;32;599;
905;Slyrs Rum Fass;9,90;Preisgruppe 3;22;873;
2115;Slyrs Single Cask Edit. 2017 CS;12,50;Preisgruppe 4;22;877;
;Smokehead Blast;9,90;Preisgruppe 3;12,5;723;
1781;Smokehead Extra Rare;8,90;Preisgruppe 2;27;408;"merged from ""sample_registry"""
1801;Smokehead High Voltage Totenkopf;9,90;Preisgruppe 3;27;410;"merged from ""sample_registry"""
2798;Smokehead Rum Rebell Limited Edition;9,90;Preisgruppe 3;27;409;"merged from ""sample_registry"""
1744;Smokehead Totenkopf Neue Edition;8,90;Preisgruppe 2;27;407;"merged from ""sample_registry"""
1739;Smokey Joe Islay Malt Scotch Whisky;8,90;Preisgruppe 2;27;406;"merged from ""sample_registry"""
1852;Speyburn 10 Jahre;6,90;Preisgruppe 1;27;416;"merged from ""sample_registry"""
2792;Speyburn Bradan Orach;6,90;Preisgruppe 1;27;417;"merged from ""sample_registry"""
3270;Speyside Reserve Berry Bros & Rudd Classic Range;8,90;Preisgruppe 2;15;438;"merged from ""sample_registry"""
;Springbank Local Barley 10 Jahre;29,90;Preisgruppe 10;25;858;
3493;St. Kilian Grave Digger Tunes of War;9,90;Preisgruppe 3;22;869;
3376;St. Kilian Terence Hill The Hero, rauchig;9,90;Preisgruppe 3;25;848;
3401;St. Kilian Eight;9,90;Preisgruppe 3;25;850;
;St. Kilian New Make Spirit;8,90;Preisgruppe 2;10;881;
3334;St. Kilian Nine;9,90;Preisgruppe 3;22;871;
;St. Kilian Virgin Oak 3 Jahre Single Cask;8,90;Preisgruppe 2;25;852;
3299;Starward Dolce Australian Single Malt Whisky;14,50;Preisgruppe 5;28;536;
2820;Starward Nova Australian Single Malt WhiskyEinzigartig;9,90;Preisgruppe 3;21;502;
;Starward Octave Barrels Australian Single Malt Whisky;14,50;Preisgruppe 5;24;647;
2821;Starward Two Fold Australian Double Grain;8,90;Preisgruppe 2;21;500;
1843;Talisker 10 Jahre;8,90;Preisgruppe 2;21;503;
3383;Talisker Distiller's Edition 2011 / 2021;9,90;Preisgruppe 3;21;501;
1840;Talisker Port Ruighe;9,90;Preisgruppe 3;27;411;"merged from ""sample_registry"""
1844;Talisker Skye;8,90;Preisgruppe 2;27;412;"merged from ""sample_registry"""
1839;Talisker Storm;8,90;Preisgruppe 2;27;418;"merged from ""sample_registry"""
1290;Teeling Single Grain;8,90;Preisgruppe 2;25;863;
1293;Teeling Single Malt;8,90;Preisgruppe 2;25;847;
2128;Teeling Small Batch;8,90;Preisgruppe 2;25;849;
;Akkeshi Usui 2021 Peated;35,90;Preisgruppe 11;34;922;
;The Cask Xperiment No.1 Spätburg. Barrique 2018/2022, 4 Jahre;12,50;Preisgruppe 4;32;600;
990;The Chita Suntory;9,90;Preisgruppe 3;24;655;"""The Chita"" on the label"
;The Ileach CS;8,90;Preisgruppe 2;9,9;526;double check label, found in box 28
796;The Ileach Peated Islay Malt;8,90;Preisgruppe 2;26;713;
2126;The Irishman;8,90;Preisgruppe 2;22;879;
;The Singleton of Glen Ord 18 Jahre;18,90;Preisgruppe 7;32;604;
2056;Tobermory 12 Jahre;8,90;Preisgruppe 2;27;405;"merged from ""sample_registry"""
;Toki Suntory Whisky;8,90;Preisgruppe 2;24;653;
1833;Tomatin 12 Jahre;8,90;Preisgruppe 2;26;721;
1745;Tomatin 15 Jahre;9,90;Preisgruppe 3;26;719;
2129;Tullamore Dew 14 Jahre;8,90;Preisgruppe 2;22;864;
1828;Tullibardine 225 Sauternes Finish;8,90;Preisgruppe 2;26;725;
;Tullibardine 228 Burgundy Finish;8,90;Preisgruppe 2;28;533;
1748;Tullibardine 500 Sherry Finish;8,90;Preisgruppe 2;28;531;
1321;Tyrconnell 10 Jahre Madeira Cask;9,90;Preisgruppe 3;13;837;"""Madeira Wood"" on the label"
2830;Tyrconnell 10 Jahre Port Cask;9,90;Preisgruppe 3;25;855;
2130;Tyrconnell Single Malt;6,90;Preisgruppe 1;23;628;
;Unnamed Islay 30 Jahre 1991/2022 SV;49,90;Preisgruppe 13;34;921;
;Unnamed Orkney 2009 / 2022 12 Jahre Signatory UC;9,90;Preisgruppe 3;35;913;
;Unnamed Speyside 13 jahre 2009/2022;9,90;Preisgruppe 3;34;932;
2829;West Cork 16 Jahre;9,90;Preisgruppe 3;25;861;
2828;West Cork Calvados Finish;8,90;Preisgruppe 2;25;859;
3505;Whitlaw 8 Jahre 2013 / 2022 Signatory Vintage;12,50;Preisgruppe 4;24;645;
2162;Wild Turkey 101 Kentucky Straight Rye;6,90;Preisgruppe 1;17;662;
1825;Wolfburn Aurora;9,90;Preisgruppe 3;27;421;"merged from ""sample_registry"""
1782;Wolfburn Langskip;9,90;Preisgruppe 3;27;420;"merged from ""sample_registry"""
3308;Wolfburn No. 318 lightly peated;9,90;Preisgruppe 3;26;717;
1826;Wolfburn Northland;8,90;Preisgruppe 2;27;419;"merged from ""sample_registry"""
;Wolfburn Vibrant Stills 2015/2022;14,50;Preisgruppe 5;28;524;
49;Gl. 12 DO;8,90;Preisgruppe 2;33;902;
48;Gl. 15;8,90;Preisgruppe 2;33;900;
50;Gl. 18;12,50;Preisgruppe 4;33;904;
47;Gl. 21 ;18,90;Preisgruppe 7;33;898;
51;Gl. FR;8,90;Preisgruppe 2;33;906;
;Spirituosen Mischlösung 0,7l;"ohne 
Berechnung";;10;933;
;Arran 12 Jahre Cask Strength Single Malt Scotch Whisky 52.9%;;;;571;double check label, found in box 1
;Inchgower 1997/2011 Gordon & MacPhail Single Malt Scotch Whisky;;;;765;found in box 8
;Bruichladdich Octomore 10.4 Dialogos Virgin Oak PPM:88 (Single Malt Scotch Whisky) 3 Jahre;;;;360;found in box 20
;;;;;;
